Client,Date,Year,Amount,Service
Chaudhary Group,08-10-2025,2025,15995,SEO
"Doshi, Gola and Doctor",15-09-2024,2024,4826,Social Media Marketing
"Dugar, Kari and Sarma",20-04-2024,2024,11998,E-commerce Consulting
Guha Group,22-09-2022,2022,7787,Content Writing
Basu-Dhaliwal,04-11-2024,2024,19597,Web Development
"Rege, Ravel and Thakur",20-06-2021,2021,3481,Web Development
Barad-Lal,08-09-2025,2025,4070,App Development
"Ganguly, Thakur and Krishna",20-02-2025,2025,19635,Email Marketing
"Datta, Bala and Shenoy",13-03-2021,2021,6213,Content Writing
Guha Group,04-07-2021,2021,2868,App Development
Sharaf LLC,26-07-2025,2025,17511,UI/UX Design
"Bhargava, Manne and Arya",15-11-2021,2021,6043,UI/UX Design
"Ganguly, Thakur and Krishna",03-09-2022,2022,18205,Graphic Design
Bains-Saraf,13-04-2022,2022,23260,Email Marketing
Rajagopal-Koshy,11-02-2024,2024,7065,SEO
Bajaj Ltd,12-11-2021,2021,3732,Email Marketing
Savant and Sons,21-06-2021,2021,24381,Web Development
Virk-Kota,03-01-2023,2023,6910,E-commerce Consulting
"Rege, Ravel and Thakur",30-05-2022,2022,9881,SEO
Karan Ltd,12-04-2024,2024,11466,Social Media Marketing
Raman LLC,06-11-2024,2024,20676,E-commerce Consulting
"Toor, Rattan and Samra",12-06-2023,2023,23522,App Development
Kar-Krish,24-07-2021,2021,2994,App Development
Dey-Jain,19-08-2025,2025,8275,Content Writing
Kale-Dewan,31-08-2021,2021,4001,Digital Strategy
"Dugar, Kari and Sarma",01-01-2021,2021,10160,UI/UX Design
"Kohli, Gill and Sharma",23-09-2022,2022,7047,Digital Strategy
Barad-Lal,24-04-2024,2024,21917,Web Development
Bains-Saraf,05-05-2024,2024,23800,SEO
"Chahal, Tata and Salvi",02-03-2023,2023,15641,Social Media Marketing
Char Ltd,13-08-2024,2024,17316,UI/UX Design
Bala-Kumar,17-11-2024,2024,23798,Web Development
"Vyas, Anne and Hegde",12-07-2025,2025,17106,Graphic Design
Mannan-Buch,07-05-2022,2022,12700,UI/UX Design
"Tiwari, Ganesh and Badal",29-12-2024,2024,4572,Digital Strategy
Kannan-Kanda,24-11-2024,2024,8258,SEO
Mannan-Buch,18-12-2025,2025,17067,Content Writing
Kaul PLC,31-03-2023,2023,14243,SEO
Ram Inc,01-05-2024,2024,10702,SEO
Basu-Cheema,12-10-2023,2023,21644,Web Development
Bajaj Ltd,04-12-2022,2022,17774,UI/UX Design
Mannan-Buch,21-05-2021,2021,24994,Digital Strategy
"Ganguly, Thakur and Krishna",16-10-2022,2022,10947,Social Media Marketing
"Bora, Yadav and Aurora",27-04-2021,2021,2229,Social Media Marketing
Char Inc,13-12-2023,2023,18250,Email Marketing
"Chaudry, Sankar and Hari",28-11-2024,2024,23414,SEO
Kamdar-Comar,06-10-2023,2023,12941,SEO
Vig-Acharya,18-08-2025,2025,11414,Graphic Design
"Soni, Biswas and Sur",03-03-2024,2024,24693,E-commerce Consulting
"Tata, Kuruvilla and Sha",10-08-2021,2021,20744,Web Development
Krishnamurthy-Gala,15-10-2025,2025,21039,Content Writing
"Tiwari, Ganesh and Badal",20-11-2024,2024,11024,Content Writing
"Bera, Khatri and Lalla",01-05-2023,2023,24241,Email Marketing
Toor-Raman,01-01-2021,2021,12371,Content Writing
Khalsa Ltd,26-01-2025,2025,15261,SEO
Rajagopal-Koshy,31-12-2022,2022,16089,Graphic Design
Sami PLC,27-05-2021,2021,20233,Social Media Marketing
"Tata, Kuruvilla and Sha",27-07-2022,2022,15581,E-commerce Consulting
"Tata, Kuruvilla and Sha",07-12-2022,2022,11978,UI/UX Design
"Datta, Bala and Shenoy",06-09-2024,2024,9074,App Development
"Doshi, Gola and Doctor",12-06-2022,2022,12198,App Development
Hegde-Golla,16-03-2023,2023,21043,Web Development
Bhalla-Hegde,05-06-2025,2025,18131,Email Marketing
"Saini, Ahuja and Khalsa",03-04-2025,2025,12774,Graphic Design
Bhalla-Hegde,06-02-2022,2022,10936,Email Marketing
"Viswanathan, Kashyap and Rajagopalan",16-03-2021,2021,5915,SEO
"Bera, Khatri and Lalla",22-03-2021,2021,10219,Digital Strategy
Virk-Kota,07-03-2025,2025,6066,E-commerce Consulting
Basu-Cheema,27-09-2022,2022,19423,E-commerce Consulting
Sachar Ltd,12-04-2025,2025,7228,E-commerce Consulting
Bhalla-Hegde,03-05-2024,2024,14957,Content Writing
"Rege, Ravel and Thakur",20-04-2022,2022,12569,SEO
"Bera, Khatri and Lalla",05-08-2024,2024,15800,UI/UX Design
Dhar and Sons,29-08-2021,2021,16033,App Development
Wason LLC,09-11-2023,2023,10376,Social Media Marketing
Hegde-Golla,16-02-2021,2021,13165,App Development
Char Inc,30-12-2024,2024,22060,SEO
Sami PLC,02-01-2021,2021,3808,Graphic Design
Wason and Sons,18-10-2025,2025,17121,Web Development
Dhar and Sons,23-12-2024,2024,3882,Web Development
Datta-Joshi,03-07-2023,2023,22630,Web Development
Chaudhary Group,06-11-2024,2024,19708,E-commerce Consulting
Lata-Dubey,23-03-2024,2024,10020,SEO
Sastry-Ray,09-08-2021,2021,10219,E-commerce Consulting
"Chahal, Tata and Salvi",10-12-2025,2025,11811,E-commerce Consulting
Raman LLC,17-11-2022,2022,11438,Email Marketing
Yohannan-Thakkar,22-06-2024,2024,7969,Content Writing
Korpal and Sons,22-12-2025,2025,8209,Graphic Design
"Dugar, Kari and Sarma",08-06-2021,2021,3940,App Development
"Chandra, Chopra and Bahri",28-07-2022,2022,7545,Web Development
Karan Ltd,05-03-2023,2023,18717,Graphic Design
Hegde-Golla,13-04-2025,2025,12148,Social Media Marketing
Basu-Cheema,19-03-2021,2021,2432,SEO
Bhatnagar and Sons,30-04-2024,2024,9262,UI/UX Design
Dhawan LLC,26-12-2021,2021,9119,Graphic Design
Toor-Raman,14-07-2022,2022,24051,SEO
"Bhargava, Manne and Arya",26-06-2022,2022,22257,App Development
Babu Group,06-03-2025,2025,17368,Web Development
Bajaj Ltd,10-08-2024,2024,12727,App Development
"Bora, Yadav and Aurora",18-03-2021,2021,9155,Content Writing
"Toor, Rattan and Samra",12-10-2024,2024,11367,Social Media Marketing
"Chandra, Chopra and Bahri",03-10-2024,2024,21791,Content Writing
Din PLC,07-09-2023,2023,4843,Content Writing
"Soni, Biswas and Sur",11-03-2023,2023,20937,App Development
Sachar Ltd,21-08-2022,2022,18912,SEO
Bains-Saraf,02-01-2021,2021,20639,Content Writing
"Rege, Ravel and Thakur",20-07-2025,2025,21770,UI/UX Design
Sami PLC,18-06-2025,2025,5914,SEO
Kannan-Kanda,09-12-2025,2025,19087,Web Development
Bains-Saraf,01-01-2025,2025,23502,SEO
"Sankar, Lalla and Bhalla",17-11-2023,2023,8038,Graphic Design
Guha Group,17-02-2021,2021,23477,Content Writing
Shenoy-Kanda,05-12-2025,2025,15047,UI/UX Design
"Viswanathan, Kashyap and Rajagopalan",27-10-2022,2022,13506,Digital Strategy
Bains-Saraf,18-08-2021,2021,6291,E-commerce Consulting
Karan Ltd,22-05-2024,2024,4578,Digital Strategy
Wason and Sons,02-03-2021,2021,2699,UI/UX Design
Chaudhary Group,20-05-2025,2025,6319,UI/UX Design
Bhatnagar and Sons,14-12-2021,2021,6916,SEO
"Chahal, Tata and Salvi",22-01-2024,2024,13064,Social Media Marketing
Kamdar-Comar,11-06-2023,2023,10593,Digital Strategy
"Cheema, Gola and Kurian",26-09-2022,2022,16539,Digital Strategy
"Doshi, Gola and Doctor",03-12-2023,2023,12129,Digital Strategy
Das-Gade,15-08-2024,2024,21102,Digital Strategy
"Vyas, Anne and Hegde",05-12-2023,2023,6692,Content Writing
Sastry-Ray,26-01-2025,2025,9773,Email Marketing
Gupta Inc,01-01-2022,2022,22574,E-commerce Consulting
"Rege, Ravel and Thakur",08-10-2025,2025,14659,Content Writing
Sachar Ltd,29-03-2025,2025,8919,Content Writing
Kale-Dewan,28-05-2021,2021,11582,SEO
Kannan-Kanda,14-01-2023,2023,9891,Graphic Design
"Dube, Mannan and Lal",08-12-2023,2023,15476,App Development
Dey-Jain,30-05-2021,2021,10351,Content Writing
Hegde-Golla,09-05-2024,2024,21137,UI/UX Design
Lata-Dubey,22-04-2024,2024,20980,Content Writing
Basu-Dhaliwal,04-09-2024,2024,13952,App Development
Korpal and Sons,02-09-2023,2023,15284,E-commerce Consulting
"Vyas, Anne and Hegde",31-08-2022,2022,20615,Social Media Marketing
Karan Ltd,14-12-2024,2024,20677,UI/UX Design
"Tiwari, Ganesh and Badal",27-06-2024,2024,3173,Social Media Marketing
"Viswanathan, Kashyap and Rajagopalan",11-01-2025,2025,22180,Email Marketing
"Ganguly, Thakur and Krishna",17-03-2021,2021,23731,Social Media Marketing
Kaul PLC,24-03-2024,2024,8182,E-commerce Consulting
Savant and Sons,27-05-2021,2021,15476,Social Media Marketing
Bajaj Ltd,28-03-2025,2025,3391,SEO
Wason LLC,21-10-2021,2021,3939,Email Marketing
Dey-Jain,23-06-2025,2025,18000,Digital Strategy
Goyal-Ahuja,18-12-2025,2025,9633,Email Marketing
Das-Gade,30-05-2025,2025,8055,Graphic Design
Barad-Lal,03-07-2023,2023,20755,SEO
Shenoy-Kanda,25-02-2023,2023,12467,SEO
Bala-Kumar,06-09-2024,2024,7770,UI/UX Design
Char Inc,01-06-2021,2021,8977,UI/UX Design
Basu-Dhaliwal,13-02-2024,2024,3505,UI/UX Design
"Kohli, Gill and Sharma",14-06-2023,2023,16813,UI/UX Design
Sami PLC,29-08-2022,2022,18506,Web Development
Khalsa Ltd,09-11-2025,2025,9221,Graphic Design
Savant and Sons,07-12-2022,2022,18467,Web Development
"Bhargava, Manne and Arya",21-11-2025,2025,5405,Email Marketing
Kamdar-Comar,04-08-2023,2023,19002,SEO
Toor-Raman,12-08-2022,2022,12855,Digital Strategy
Basu-Dhaliwal,16-01-2023,2023,7040,Content Writing
"Chahal, Tata and Salvi",21-10-2024,2024,23671,Email Marketing
"Viswanathan, Kashyap and Rajagopalan",29-03-2024,2024,14927,Web Development
"Doshi, Gola and Doctor",23-10-2023,2023,17262,Content Writing
"Rajagopalan, Shroff and Sarraf",17-11-2021,2021,11723,UI/UX Design
Hegde-Golla,17-08-2024,2024,8280,Content Writing
"Bora, Yadav and Aurora",23-06-2021,2021,3679,Graphic Design
Sami PLC,09-09-2022,2022,22049,UI/UX Design
Sethi LLC,30-12-2025,2025,19566,App Development
"Vyas, Anne and Hegde",26-04-2022,2022,9320,UI/UX Design
"Chahal, Tata and Salvi",26-08-2025,2025,2865,UI/UX Design
Goyal-Ahuja,20-08-2023,2023,13605,Digital Strategy
Datta-Joshi,13-10-2021,2021,14366,Content Writing
"Cheema, Gola and Kurian",24-05-2023,2023,6152,Email Marketing
"Bera, Khatri and Lalla",01-05-2024,2024,24819,Email Marketing
Bajaj Ltd,05-10-2025,2025,2581,Graphic Design
Barad-Lal,09-03-2022,2022,10611,Social Media Marketing
Toor-Raman,19-01-2022,2022,2856,SEO
Virk-Kota,02-12-2022,2022,16742,UI/UX Design
"Viswanathan, Kashyap and Rajagopalan",14-10-2025,2025,10402,Social Media Marketing
"Warrior, Behl and Baral",09-07-2023,2023,17367,E-commerce Consulting
Golla-Rout,10-07-2023,2023,19497,E-commerce Consulting
Boase-Kalla,23-10-2024,2024,8210,Content Writing
Gupta Inc,12-05-2022,2022,12372,UI/UX Design
Vig-Acharya,12-09-2025,2025,22445,Web Development
Char Ltd,08-11-2021,2021,22308,Web Development
"Viswanathan, Kashyap and Rajagopalan",07-07-2021,2021,12936,E-commerce Consulting
Bains-Saraf,21-11-2025,2025,15286,UI/UX Design
"Dube, Mannan and Lal",24-07-2025,2025,20088,App Development
"Rajagopalan, Shroff and Sarraf",29-12-2021,2021,17869,Digital Strategy
Boase-Kalla,28-09-2025,2025,21988,Email Marketing
Toor-Raman,07-12-2025,2025,15569,Graphic Design
Mannan-Buch,07-03-2025,2025,14881,Email Marketing
"Vyas, Anne and Hegde",13-09-2025,2025,7400,Digital Strategy
"Ganguly, Thakur and Krishna",13-03-2023,2023,2935,Graphic Design
Kamdar-Comar,24-04-2023,2023,6729,Content Writing
"Kade, Barman and Trivedi",18-07-2023,2023,18481,SEO
Dey-Jain,21-01-2021,2021,12916,Content Writing
Kar-Krish,11-01-2021,2021,16451,Digital Strategy
"Tiwari, Ganesh and Badal",20-01-2025,2025,19039,Digital Strategy
Babu Group,13-11-2023,2023,11053,Email Marketing
Raman LLC,10-01-2022,2022,13628,UI/UX Design
Bala-Kumar,20-12-2023,2023,10506,Graphic Design
Sachar Ltd,26-10-2024,2024,3742,App Development
"Dugar, Kari and Sarma",17-06-2024,2024,10464,E-commerce Consulting
Chaudhary Group,16-01-2024,2024,20115,Email Marketing
Virk-Kota,19-06-2021,2021,9704,Content Writing
"Bir, Chaudhary and Kohli",09-01-2021,2021,11038,Graphic Design
Korpal and Sons,23-06-2025,2025,9600,SEO
Chaudhary Group,09-04-2021,2021,24704,E-commerce Consulting
Datta-Joshi,24-07-2025,2025,6263,Social Media Marketing
Wason LLC,07-01-2023,2023,22487,App Development
Karan Ltd,15-02-2022,2022,21273,Content Writing
Chaudhary Group,13-09-2023,2023,3798,E-commerce Consulting
Vig-Acharya,11-03-2024,2024,17260,Web Development
Sachar Ltd,18-10-2021,2021,16455,SEO
Bala-Kumar,16-05-2024,2024,17635,Email Marketing
"Chaudry, Sankar and Hari",05-10-2021,2021,2307,UI/UX Design
Sachar Ltd,26-10-2025,2025,11536,SEO
Din PLC,08-06-2024,2024,9231,Graphic Design
Kaul PLC,18-05-2023,2023,9055,Content Writing
Wason and Sons,21-02-2021,2021,12038,Digital Strategy
Lata-Dubey,30-07-2025,2025,19044,Web Development
Bala-Kumar,09-04-2023,2023,11772,SEO
Deol PLC,28-03-2025,2025,14763,SEO
Kale-Dewan,12-04-2021,2021,23796,Graphic Design
Sethi LLC,11-05-2025,2025,18510,Web Development
Chaudhary Group,21-01-2025,2025,11546,UI/UX Design
"Sankar, Lalla and Bhalla",20-01-2025,2025,22471,UI/UX Design
Krishnamurthy-Gala,20-04-2023,2023,5891,Content Writing
"Dube, Mannan and Lal",16-09-2021,2021,12547,Digital Strategy
Dey-Jain,01-06-2025,2025,10367,App Development
Basu-Cheema,27-05-2022,2022,23735,E-commerce Consulting
Shenoy-Kanda,05-06-2023,2023,5085,Graphic Design
Rajagopal-Koshy,05-08-2024,2024,5385,Web Development
Shenoy-Kanda,11-04-2025,2025,20708,SEO
Bhalla-Hegde,06-05-2023,2023,14301,Email Marketing
Lata-Dubey,30-05-2024,2024,7918,E-commerce Consulting
Sharaf LLC,13-05-2021,2021,12798,E-commerce Consulting
Datta-Joshi,10-12-2023,2023,8127,App Development
Bajaj Ltd,15-09-2023,2023,16922,E-commerce Consulting
Kamdar-Comar,15-08-2021,2021,12757,Web Development
Char Inc,23-08-2025,2025,24800,SEO
Golla-Rout,17-12-2022,2022,3943,E-commerce Consulting
Lata-Dubey,10-03-2021,2021,8467,Web Development
Bhatnagar and Sons,20-08-2023,2023,24184,Email Marketing
Bajaj Ltd,18-07-2025,2025,13983,UI/UX Design
Wason LLC,29-11-2024,2024,16830,SEO
Kaul PLC,21-07-2024,2024,20412,Social Media Marketing
Din PLC,19-01-2023,2023,18585,Email Marketing
Char Inc,10-12-2021,2021,16456,Email Marketing
Bajaj Ltd,16-01-2023,2023,10095,Web Development
"Saini, Ahuja and Khalsa",16-11-2021,2021,16007,SEO
"Tata, Kuruvilla and Sha",07-07-2021,2021,16504,SEO
Korpal and Sons,27-05-2023,2023,12951,E-commerce Consulting
Mannan-Buch,14-10-2023,2023,14462,E-commerce Consulting
"Tata, Kuruvilla and Sha",19-01-2023,2023,15101,SEO
Goyal-Ahuja,22-12-2023,2023,3884,Graphic Design
Dhar and Sons,02-12-2024,2024,13426,Web Development
"Doshi, Gola and Doctor",09-08-2025,2025,11294,E-commerce Consulting
Virk-Kota,16-10-2024,2024,4453,Content Writing
Karan Ltd,25-11-2024,2024,2453,App Development
"Kade, Barman and Trivedi",13-05-2023,2023,11698,Email Marketing
"Soni, Biswas and Sur",28-10-2025,2025,15783,E-commerce Consulting
"Chaudry, Sankar and Hari",15-06-2023,2023,17175,UI/UX Design
Chandra LLC,29-06-2022,2022,2641,Web Development
"Bhargava, Manne and Arya",13-11-2023,2023,18012,E-commerce Consulting
Kamdar-Comar,12-08-2022,2022,3344,Social Media Marketing
Kannan-Kanda,10-01-2024,2024,16370,E-commerce Consulting
Bhalla-Hegde,20-12-2024,2024,5224,App Development
"Bora, Yadav and Aurora",10-11-2025,2025,11970,SEO
"Dube, Mannan and Lal",20-06-2024,2024,17320,Digital Strategy
Yohannan-Thakkar,07-10-2021,2021,22591,Content Writing
Bhalla-Hegde,11-07-2023,2023,24349,Web Development
"Dube, Mannan and Lal",14-06-2023,2023,22461,Web Development
Babu Group,04-07-2021,2021,11625,UI/UX Design
Sastry-Ray,23-09-2021,2021,9266,UI/UX Design
Vig-Acharya,24-03-2023,2023,3421,Web Development
Hegde-Golla,19-08-2023,2023,14751,Email Marketing
"Dube, Mannan and Lal",26-03-2021,2021,9279,Social Media Marketing
"Bera, Khatri and Lalla",18-08-2024,2024,22877,SEO
Vig-Acharya,21-05-2022,2022,14471,Social Media Marketing
Char Ltd,25-01-2021,2021,3183,Email Marketing
Basu-Cheema,08-03-2021,2021,2501,UI/UX Design
Golla-Rout,24-03-2023,2023,15350,Content Writing
"Dugar, Kari and Sarma",12-07-2022,2022,3100,Digital Strategy
"Toor, Rattan and Samra",02-09-2021,2021,16408,Web Development
Hegde-Golla,26-06-2021,2021,6575,E-commerce Consulting
"Dugar, Kari and Sarma",18-02-2025,2025,22710,Email Marketing
"Issac, Jani and Thakkar",23-11-2023,2023,10849,E-commerce Consulting
Babu Group,30-04-2022,2022,7515,Web Development
Vig-Acharya,09-06-2023,2023,8800,Graphic Design
"Kohli, Gill and Sharma",28-12-2024,2024,18317,Graphic Design
"Soni, Biswas and Sur",28-06-2025,2025,8119,UI/UX Design
Mannan-Buch,03-01-2022,2022,14203,Web Development
"Dube, Mannan and Lal",25-09-2022,2022,5961,UI/UX Design
"Bhargava, Manne and Arya",23-08-2025,2025,5741,E-commerce Consulting
"Toor, Rattan and Samra",17-06-2025,2025,23930,Graphic Design
"Chandra, Chopra and Bahri",23-07-2023,2023,7099,UI/UX Design
Sami PLC,31-07-2024,2024,8204,App Development
Dhar and Sons,24-11-2024,2024,4911,Content Writing
"Warrior, Behl and Baral",22-09-2023,2023,23871,App Development
"Kohli, Gill and Sharma",09-02-2021,2021,14036,E-commerce Consulting
"Vyas, Anne and Hegde",23-02-2023,2023,21063,App Development
Char Inc,14-04-2023,2023,9896,Social Media Marketing
Boase-Kalla,23-01-2024,2024,7026,UI/UX Design
Golla-Rout,15-02-2021,2021,14695,Social Media Marketing
"Doshi, Gola and Doctor",09-09-2022,2022,7767,SEO
Sami PLC,18-10-2022,2022,11589,Graphic Design
Virk-Kota,01-04-2025,2025,5308,E-commerce Consulting
Char Ltd,25-10-2021,2021,7556,SEO
Kale-Dewan,13-11-2023,2023,21011,SEO
"Chandra, Chopra and Bahri",26-02-2021,2021,11024,App Development
Barad-Lal,19-09-2023,2023,22973,Email Marketing
Mannan-Buch,01-08-2023,2023,3175,Content Writing
Deol PLC,16-02-2025,2025,14222,Digital Strategy
Vig-Acharya,02-09-2025,2025,2281,Social Media Marketing
Bhalla-Hegde,03-06-2024,2024,14768,Content Writing
Sachar Ltd,01-04-2025,2025,8483,App Development
Chandra LLC,23-01-2023,2023,11781,E-commerce Consulting
Chandra LLC,04-09-2021,2021,22259,Email Marketing
Babu Group,26-05-2023,2023,4647,Digital Strategy
Wason LLC,09-11-2023,2023,8602,Email Marketing
"Kade, Barman and Trivedi",17-10-2023,2023,2832,E-commerce Consulting
Bhalla-Hegde,10-12-2025,2025,22857,UI/UX Design
"Toor, Rattan and Samra",15-12-2021,2021,22862,Web Development
Datta-Joshi,05-10-2022,2022,8864,E-commerce Consulting
Datta-Joshi,29-09-2023,2023,6737,Content Writing
Char Inc,15-11-2023,2023,16568,Social Media Marketing
Rajagopal-Koshy,08-12-2025,2025,14656,Digital Strategy
Sastry-Ray,15-05-2023,2023,4228,UI/UX Design
Chaudhary Group,30-05-2025,2025,24066,Digital Strategy
"Dube, Mannan and Lal",03-08-2025,2025,17771,SEO
Char Ltd,31-01-2025,2025,24833,Content Writing
Mannan-Buch,24-07-2023,2023,19168,Digital Strategy
Sastry-Ray,31-08-2024,2024,6740,Digital Strategy
Basu-Cheema,25-04-2021,2021,13354,Digital Strategy
Krishnamurthy-Gala,14-04-2024,2024,12155,Graphic Design
Dhawan LLC,10-02-2022,2022,20505,Social Media Marketing
Bajaj Ltd,22-11-2022,2022,15552,Graphic Design
Boase-Kalla,18-03-2021,2021,14380,UI/UX Design
"Tata, Kuruvilla and Sha",17-05-2021,2021,13577,Digital Strategy
Wason and Sons,13-05-2024,2024,24660,UI/UX Design
Wason and Sons,20-05-2021,2021,19810,Email Marketing
Barad-Lal,17-04-2021,2021,10084,UI/UX Design
"Cheema, Gola and Kurian",23-12-2024,2024,8331,UI/UX Design
Bhatnagar and Sons,11-12-2025,2025,22977,Email Marketing
Wason and Sons,19-10-2025,2025,19318,UI/UX Design
"Tiwari, Ganesh and Badal",25-01-2021,2021,23609,Graphic Design
Sami PLC,01-05-2021,2021,5077,Content Writing
Basu-Dhaliwal,16-03-2022,2022,15691,Web Development
"Viswanathan, Kashyap and Rajagopalan",05-12-2021,2021,17632,Graphic Design
Sastry-Ray,18-05-2024,2024,9080,Graphic Design
Dhar and Sons,11-11-2024,2024,23519,E-commerce Consulting
"Bera, Khatri and Lalla",08-09-2022,2022,20816,SEO
Hegde-Golla,02-03-2023,2023,7679,UI/UX Design
Krishnamurthy-Gala,23-07-2022,2022,9615,Email Marketing
"Bhargava, Manne and Arya",17-03-2023,2023,4743,Email Marketing
Sastry-Ray,17-10-2021,2021,14946,Digital Strategy
Kamdar-Comar,31-07-2025,2025,18677,Graphic Design
Bhalla-Hegde,12-02-2023,2023,18433,Social Media Marketing
Sami PLC,01-07-2022,2022,8094,SEO
Ram Inc,12-01-2024,2024,4912,Web Development
"Viswanathan, Kashyap and Rajagopalan",03-11-2024,2024,10084,UI/UX Design
"Bora, Yadav and Aurora",26-02-2024,2024,16337,Email Marketing
Vig-Acharya,16-08-2022,2022,6943,UI/UX Design
"Warrior, Behl and Baral",19-05-2023,2023,18586,App Development
Das-Gade,07-05-2023,2023,19312,UI/UX Design
Kaul PLC,03-11-2022,2022,7717,UI/UX Design
"Bera, Khatri and Lalla",20-01-2022,2022,9703,SEO
"Toor, Rattan and Samra",17-02-2024,2024,5225,Digital Strategy
Raman LLC,03-08-2025,2025,24444,Social Media Marketing
Hegde-Golla,13-09-2023,2023,19107,UI/UX Design
Lata-Dubey,18-05-2023,2023,21921,Social Media Marketing
"Sankar, Lalla and Bhalla",10-01-2023,2023,24907,Digital Strategy
"Soni, Biswas and Sur",10-07-2025,2025,7870,Graphic Design
Das-Gade,14-02-2024,2024,23386,Web Development
"Vyas, Anne and Hegde",29-07-2021,2021,2266,SEO
"Dube, Mannan and Lal",05-06-2022,2022,16138,UI/UX Design
"Sankar, Lalla and Bhalla",06-12-2021,2021,18254,E-commerce Consulting
"Issac, Jani and Thakkar",17-12-2022,2022,17112,Graphic Design
Bajaj Ltd,28-08-2021,2021,8766,Graphic Design
"Sankar, Lalla and Bhalla",07-02-2022,2022,23909,Web Development
Wason and Sons,29-09-2024,2024,16605,Content Writing
Gupta Inc,05-07-2021,2021,6960,Graphic Design
Toor-Raman,28-01-2022,2022,17446,SEO
Dhar and Sons,01-07-2022,2022,19187,UI/UX Design
"Warrior, Behl and Baral",11-11-2023,2023,5337,Email Marketing
"Rege, Ravel and Thakur",01-11-2025,2025,21241,Email Marketing
Raman LLC,17-10-2023,2023,24379,E-commerce Consulting
Chandra LLC,23-11-2024,2024,13400,Email Marketing
"Rege, Ravel and Thakur",28-09-2025,2025,10277,Digital Strategy
Basu-Cheema,10-01-2025,2025,3258,SEO
Karan Ltd,24-08-2023,2023,24425,SEO
Das-Gade,08-07-2021,2021,18136,Email Marketing
Bains-Saraf,15-04-2024,2024,11457,Email Marketing
Krishnamurthy-Gala,31-07-2023,2023,17244,SEO
Char Ltd,06-04-2024,2024,8543,SEO
Wason and Sons,01-07-2025,2025,3082,Digital Strategy
Chandra LLC,03-02-2023,2023,24832,SEO
"Chandra, Chopra and Bahri",02-11-2024,2024,20265,App Development
Wason LLC,25-02-2024,2024,24893,E-commerce Consulting
Kaul PLC,25-07-2024,2024,23510,Social Media Marketing
"Chahal, Tata and Salvi",17-08-2024,2024,8595,Content Writing
"Issac, Jani and Thakkar",14-01-2021,2021,14925,SEO
Vig-Acharya,07-11-2021,2021,2722,Social Media Marketing
Chaudhary Group,26-07-2025,2025,10869,Web Development
Raman LLC,15-11-2025,2025,21410,Web Development
Khalsa Ltd,24-06-2021,2021,21157,App Development
"Datta, Bala and Shenoy",07-11-2024,2024,19520,E-commerce Consulting
"Chahal, Tata and Salvi",30-08-2021,2021,9034,Web Development
Kamdar-Comar,08-01-2024,2024,12165,SEO
"Bora, Yadav and Aurora",18-06-2022,2022,15466,Web Development
"Issac, Jani and Thakkar",02-08-2021,2021,14761,Graphic Design
"Dube, Mannan and Lal",02-01-2021,2021,2025,Social Media Marketing
"Bhargava, Manne and Arya",25-08-2021,2021,14708,App Development
"Soni, Biswas and Sur",11-03-2023,2023,23559,E-commerce Consulting
"Saini, Ahuja and Khalsa",08-12-2024,2024,24615,Content Writing
Kaul PLC,09-10-2024,2024,10250,App Development
Hegde-Golla,26-10-2021,2021,6410,UI/UX Design
"Issac, Jani and Thakkar",28-10-2022,2022,13766,Digital Strategy
Krishnamurthy-Gala,20-07-2024,2024,20540,Social Media Marketing
Sachar Ltd,01-02-2022,2022,14889,Content Writing
Bhalla-Hegde,20-10-2021,2021,8899,SEO
Krishnamurthy-Gala,29-12-2024,2024,3877,Email Marketing
Dhawan LLC,24-04-2021,2021,19470,App Development
"Bera, Khatri and Lalla",01-01-2024,2024,21256,Web Development
Kale-Dewan,07-09-2021,2021,18188,App Development
Char Ltd,25-07-2021,2021,14581,Content Writing
Chaudhary Group,19-03-2022,2022,6100,Social Media Marketing
Shenoy-Kanda,13-04-2025,2025,21084,Social Media Marketing
Wason and Sons,03-07-2023,2023,21444,Content Writing
Sami PLC,07-08-2024,2024,15463,Content Writing
"Chahal, Tata and Salvi",23-10-2022,2022,16841,E-commerce Consulting
Datta-Joshi,29-09-2021,2021,6531,Digital Strategy
Savant and Sons,24-05-2025,2025,6102,Content Writing
Bala-Kumar,21-02-2021,2021,8189,SEO
"Vyas, Anne and Hegde",03-07-2024,2024,13940,Digital Strategy
Datta-Joshi,15-03-2022,2022,9014,Graphic Design
Kamdar-Comar,24-02-2025,2025,23120,Email Marketing
Shenoy-Kanda,15-06-2021,2021,14227,Social Media Marketing
Goyal-Ahuja,23-03-2024,2024,15536,UI/UX Design
Savant and Sons,19-11-2021,2021,7347,App Development
Bhatnagar and Sons,07-11-2021,2021,14800,Digital Strategy
"Kohli, Gill and Sharma",19-10-2021,2021,23795,Email Marketing
"Tiwari, Ganesh and Badal",16-09-2025,2025,15508,Content Writing
Bains-Saraf,22-08-2022,2022,8223,Graphic Design
"Rajagopalan, Shroff and Sarraf",14-05-2021,2021,15682,Web Development
Goyal-Ahuja,30-10-2024,2024,19779,E-commerce Consulting
Goyal-Ahuja,09-01-2023,2023,6760,Web Development
Sachar Ltd,05-02-2023,2023,20586,SEO
Rajagopal-Koshy,21-04-2025,2025,12887,E-commerce Consulting
Wason and Sons,13-06-2021,2021,7919,Social Media Marketing
Dhawan LLC,28-12-2023,2023,12762,Graphic Design
"Vyas, Anne and Hegde",08-03-2023,2023,18307,Web Development
Kar-Krish,05-05-2025,2025,8192,Graphic Design
Deol PLC,25-01-2023,2023,11459,SEO
"Cheema, Gola and Kurian",03-07-2025,2025,2205,Email Marketing
Mannan-Buch,03-07-2025,2025,2150,Web Development
Karan Ltd,05-05-2025,2025,2010,UI/UX Design
Dhawan LLC,21-11-2024,2024,14491,Email Marketing
"Bera, Khatri and Lalla",02-09-2025,2025,11046,Content Writing
Din PLC,01-09-2024,2024,2995,SEO
"Bir, Chaudhary and Kohli",14-05-2021,2021,16295,App Development
"Bhargava, Manne and Arya",27-08-2023,2023,23201,Content Writing
Das-Gade,12-08-2021,2021,15098,Graphic Design
Chaudhary Group,27-07-2023,2023,24173,Content Writing
"Dugar, Kari and Sarma",04-03-2023,2023,23919,SEO
Gupta Inc,25-03-2024,2024,11228,Graphic Design
"Bir, Chaudhary and Kohli",01-09-2023,2023,9470,Graphic Design
Dey-Jain,19-09-2025,2025,9891,E-commerce Consulting
Vig-Acharya,03-05-2025,2025,13292,Digital Strategy
Char Ltd,20-08-2022,2022,5537,Email Marketing
Kar-Krish,10-05-2024,2024,21080,Email Marketing
Basu-Dhaliwal,27-02-2025,2025,4039,App Development
"Viswanathan, Kashyap and Rajagopalan",06-02-2025,2025,14642,E-commerce Consulting
Das-Gade,04-09-2022,2022,10799,Content Writing
Ram Inc,18-08-2025,2025,22274,Social Media Marketing
Char Inc,25-05-2023,2023,4386,Content Writing
Sethi LLC,05-05-2023,2023,20878,UI/UX Design
"Tata, Kuruvilla and Sha",24-06-2024,2024,12883,Social Media Marketing
Char Inc,18-03-2023,2023,4768,Web Development
Virk-Kota,10-06-2021,2021,21050,Graphic Design
Korpal and Sons,06-09-2025,2025,8351,App Development
Bhalla-Hegde,30-10-2025,2025,3006,Digital Strategy
Golla-Rout,14-06-2024,2024,21185,Social Media Marketing
Deol PLC,06-11-2025,2025,2175,App Development
Kannan-Kanda,21-11-2022,2022,2585,Social Media Marketing
Mannan-Buch,24-05-2022,2022,5664,Email Marketing
"Dugar, Kari and Sarma",18-05-2024,2024,5412,E-commerce Consulting
Deol PLC,25-07-2023,2023,22338,Web Development
"Tiwari, Ganesh and Badal",11-09-2023,2023,13540,Digital Strategy
Karan Ltd,10-05-2024,2024,3924,Social Media Marketing
"Viswanathan, Kashyap and Rajagopalan",09-10-2023,2023,24513,UI/UX Design
Vig-Acharya,09-05-2021,2021,4813,E-commerce Consulting
Bajaj Ltd,08-02-2021,2021,6535,Content Writing
Khalsa Ltd,07-07-2021,2021,2592,Web Development
Bhatnagar and Sons,02-02-2021,2021,18910,Graphic Design
Mannan-Buch,08-05-2025,2025,6917,Email Marketing
"Soni, Biswas and Sur",25-08-2024,2024,8197,SEO
Guha Group,27-11-2023,2023,22089,Graphic Design
Hegde-Golla,29-01-2025,2025,24962,Digital Strategy
Kaul PLC,21-05-2022,2022,14119,UI/UX Design
Korpal and Sons,27-02-2023,2023,19293,Graphic Design
"Tata, Kuruvilla and Sha",15-04-2025,2025,17338,Email Marketing
"Bhargava, Manne and Arya",17-04-2021,2021,7402,Graphic Design
Gupta Inc,15-12-2021,2021,12698,Content Writing
Das-Gade,27-08-2022,2022,18042,Email Marketing
"Dugar, Kari and Sarma",19-09-2022,2022,20998,SEO
"Bora, Yadav and Aurora",22-03-2023,2023,16079,UI/UX Design
Datta-Joshi,20-07-2024,2024,13153,SEO
Shenoy-Kanda,26-10-2024,2024,14220,Digital Strategy
Bhalla-Hegde,15-10-2022,2022,10078,Graphic Design
"Dugar, Kari and Sarma",19-06-2024,2024,21035,Digital Strategy
"Bir, Chaudhary and Kohli",24-04-2025,2025,9705,Content Writing
"Issac, Jani and Thakkar",14-02-2023,2023,9389,Digital Strategy
Virk-Kota,29-10-2023,2023,23379,Graphic Design
Char Inc,10-07-2023,2023,4574,Email Marketing
"Dugar, Kari and Sarma",02-09-2022,2022,20243,UI/UX Design
Rajagopal-Koshy,23-01-2023,2023,6769,SEO
Dhar and Sons,15-11-2023,2023,11842,Web Development
"Dube, Mannan and Lal",16-02-2022,2022,19400,Digital Strategy
Korpal and Sons,16-12-2024,2024,20282,Digital Strategy
Char Ltd,31-07-2025,2025,14930,Digital Strategy
"Soni, Biswas and Sur",23-06-2023,2023,17366,App Development
"Chandra, Chopra and Bahri",15-09-2024,2024,7716,Web Development
Yohannan-Thakkar,04-08-2024,2024,7172,UI/UX Design
Wason LLC,27-10-2021,2021,2270,Web Development
"Cheema, Gola and Kurian",24-07-2024,2024,23810,App Development
Krishnamurthy-Gala,05-04-2022,2022,9293,Content Writing
Chaudhary Group,05-05-2023,2023,18983,Email Marketing
Kamdar-Comar,22-02-2024,2024,5627,SEO
"Kade, Barman and Trivedi",24-04-2021,2021,9457,Digital Strategy
Khalsa Ltd,07-06-2025,2025,9924,App Development
Chaudhary Group,16-02-2021,2021,16469,UI/UX Design
Kale-Dewan,18-01-2022,2022,3693,UI/UX Design
"Ganguly, Thakur and Krishna",22-07-2025,2025,7052,Content Writing
Khalsa Ltd,04-01-2022,2022,10609,Digital Strategy
"Issac, Jani and Thakkar",09-10-2023,2023,21642,App Development
"Rege, Ravel and Thakur",22-06-2024,2024,6166,Digital Strategy
"Doshi, Gola and Doctor",02-05-2022,2022,21176,Web Development
Karan Ltd,03-02-2023,2023,22403,UI/UX Design
"Cheema, Gola and Kurian",27-08-2025,2025,18399,Graphic Design
Mannan-Buch,11-06-2024,2024,8988,Social Media Marketing
Char Inc,05-02-2022,2022,23980,Email Marketing
Dhar and Sons,03-04-2023,2023,10175,SEO
"Warrior, Behl and Baral",10-01-2023,2023,20786,SEO
Shenoy-Kanda,11-12-2023,2023,17619,Email Marketing
Dey-Jain,28-01-2021,2021,22832,App Development
"Bera, Khatri and Lalla",30-01-2023,2023,18388,Graphic Design
Wason LLC,03-08-2022,2022,22115,Graphic Design
"Bhargava, Manne and Arya",09-05-2022,2022,13220,Email Marketing
"Viswanathan, Kashyap and Rajagopalan",14-06-2022,2022,16348,Digital Strategy
"Doshi, Gola and Doctor",22-09-2023,2023,9523,Web Development
Char Inc,13-04-2025,2025,8069,SEO
Babu Group,05-07-2022,2022,12474,UI/UX Design
Kamdar-Comar,19-07-2025,2025,13248,Digital Strategy
Dey-Jain,25-02-2022,2022,9990,Digital Strategy
"Issac, Jani and Thakkar",27-10-2025,2025,11453,SEO
Sami PLC,13-11-2023,2023,17060,Email Marketing
"Warrior, Behl and Baral",01-06-2021,2021,15555,Email Marketing
Char Ltd,18-08-2024,2024,17503,E-commerce Consulting
"Bir, Chaudhary and Kohli",09-05-2022,2022,21071,SEO
Toor-Raman,04-09-2022,2022,24882,Email Marketing
Krishnamurthy-Gala,05-01-2022,2022,10470,E-commerce Consulting
"Vyas, Anne and Hegde",30-10-2022,2022,8385,App Development
"Cheema, Gola and Kurian",16-04-2025,2025,23117,Web Development
Deol PLC,21-08-2023,2023,8998,App Development
Chaudhary Group,27-01-2023,2023,7294,Digital Strategy
Deol PLC,02-08-2021,2021,8646,Digital Strategy
"Bhargava, Manne and Arya",15-07-2021,2021,5444,App Development
"Chandra, Chopra and Bahri",21-01-2022,2022,21425,Digital Strategy
"Toor, Rattan and Samra",21-11-2023,2023,5058,E-commerce Consulting
"Rajagopalan, Shroff and Sarraf",10-07-2022,2022,7360,App Development
Yohannan-Thakkar,02-12-2023,2023,8658,Social Media Marketing
"Dugar, Kari and Sarma",24-12-2023,2023,23020,SEO
"Bera, Khatri and Lalla",03-10-2024,2024,9315,UI/UX Design
Goyal-Ahuja,16-03-2022,2022,10471,E-commerce Consulting
"Dugar, Kari and Sarma",30-06-2025,2025,18218,Content Writing
Kale-Dewan,30-12-2021,2021,17258,Email Marketing
Kannan-Kanda,23-01-2025,2025,10800,Web Development
Kamdar-Comar,31-10-2022,2022,15679,Web Development
Chandra LLC,17-07-2022,2022,23533,App Development
Chaudhary Group,04-10-2022,2022,11705,Email Marketing
"Cheema, Gola and Kurian",29-05-2023,2023,13595,Content Writing
Deol PLC,30-12-2021,2021,13905,E-commerce Consulting
Bala-Kumar,13-07-2022,2022,11272,Web Development
Krishnamurthy-Gala,07-05-2024,2024,8095,Web Development
"Dube, Mannan and Lal",12-06-2025,2025,21257,App Development
"Chahal, Tata and Salvi",13-04-2021,2021,6871,Digital Strategy
"Vyas, Anne and Hegde",23-01-2025,2025,10422,UI/UX Design
"Issac, Jani and Thakkar",08-01-2025,2025,22861,SEO
Dhar and Sons,01-05-2024,2024,3564,E-commerce Consulting
"Tata, Kuruvilla and Sha",30-12-2021,2021,17989,UI/UX Design
Mannan-Buch,12-05-2023,2023,20666,Social Media Marketing
Kale-Dewan,27-11-2023,2023,12834,Web Development
"Kade, Barman and Trivedi",18-10-2025,2025,15691,E-commerce Consulting
Char Ltd,21-09-2023,2023,11573,Social Media Marketing
Lata-Dubey,15-09-2023,2023,16211,SEO
Sachar Ltd,10-04-2022,2022,18943,Digital Strategy
Chandra LLC,09-02-2022,2022,21073,Digital Strategy
Basu-Cheema,02-03-2022,2022,2982,App Development
Bhatnagar and Sons,06-01-2021,2021,21979,Graphic Design
"Sankar, Lalla and Bhalla",06-03-2022,2022,16860,Web Development
Bhalla-Hegde,24-12-2023,2023,14357,Email Marketing
Kamdar-Comar,18-07-2025,2025,12134,Web Development
"Vyas, Anne and Hegde",10-10-2023,2023,14130,Digital Strategy
Bala-Kumar,07-09-2022,2022,9370,UI/UX Design
"Dugar, Kari and Sarma",09-05-2024,2024,2464,SEO
Mannan-Buch,03-07-2025,2025,17326,Social Media Marketing
Char Inc,27-01-2021,2021,11904,E-commerce Consulting
Krishnamurthy-Gala,06-11-2022,2022,3890,Web Development
Goyal-Ahuja,17-01-2024,2024,2645,Web Development
Bains-Saraf,05-11-2022,2022,23624,Graphic Design
Bhalla-Hegde,26-10-2023,2023,12792,Social Media Marketing
Krishnamurthy-Gala,14-07-2024,2024,3256,E-commerce Consulting
Din PLC,06-03-2025,2025,20019,Graphic Design
"Viswanathan, Kashyap and Rajagopalan",02-10-2025,2025,8864,SEO
"Saini, Ahuja and Khalsa",05-09-2021,2021,10850,SEO
Kamdar-Comar,01-05-2022,2022,17994,E-commerce Consulting
Char Inc,08-06-2025,2025,22733,Content Writing
"Kohli, Gill and Sharma",31-05-2021,2021,15224,Graphic Design
"Vyas, Anne and Hegde",01-06-2021,2021,17416,Social Media Marketing
Din PLC,12-04-2023,2023,10751,App Development
"Dugar, Kari and Sarma",22-03-2021,2021,11469,Web Development
Kamdar-Comar,02-12-2024,2024,5738,Email Marketing
"Rege, Ravel and Thakur",11-01-2021,2021,7696,Digital Strategy
Guha Group,10-11-2023,2023,22355,Social Media Marketing
"Rajagopalan, Shroff and Sarraf",22-12-2022,2022,9456,Content Writing
"Warrior, Behl and Baral",24-07-2022,2022,7975,Content Writing
"Chaudry, Sankar and Hari",07-08-2024,2024,6534,Digital Strategy
Chandra LLC,14-02-2021,2021,11411,App Development
Bajaj Ltd,31-08-2024,2024,16108,Graphic Design
"Datta, Bala and Shenoy",29-06-2022,2022,7880,Web Development
Char Inc,11-07-2022,2022,3924,Content Writing
"Rege, Ravel and Thakur",25-09-2023,2023,18371,Social Media Marketing
Kar-Krish,09-11-2025,2025,3244,Content Writing
Sachar Ltd,04-07-2022,2022,7523,E-commerce Consulting
Korpal and Sons,30-04-2024,2024,10163,Email Marketing
"Dugar, Kari and Sarma",08-04-2023,2023,6221,Email Marketing
"Datta, Bala and Shenoy",11-05-2022,2022,15176,App Development
Basu-Dhaliwal,04-08-2024,2024,15772,Graphic Design
Sastry-Ray,04-11-2024,2024,10368,Content Writing
Bains-Saraf,18-05-2021,2021,18835,SEO
Bains-Saraf,24-02-2021,2021,14618,Content Writing
Goyal-Ahuja,04-11-2023,2023,6831,Graphic Design
Bains-Saraf,11-12-2024,2024,19335,Email Marketing
Wason and Sons,22-02-2025,2025,7475,Graphic Design
"Chahal, Tata and Salvi",22-11-2023,2023,3913,SEO
Ram Inc,31-07-2022,2022,15017,E-commerce Consulting
"Viswanathan, Kashyap and Rajagopalan",22-09-2022,2022,3909,E-commerce Consulting
"Warrior, Behl and Baral",10-08-2021,2021,7332,App Development
Sethi LLC,18-09-2024,2024,22070,SEO
Chaudhary Group,25-07-2024,2024,14310,App Development
"Bera, Khatri and Lalla",25-11-2021,2021,18549,E-commerce Consulting
"Dugar, Kari and Sarma",06-01-2023,2023,17160,Web Development
Karan Ltd,25-08-2025,2025,23135,Graphic Design
Khalsa Ltd,05-10-2022,2022,13277,E-commerce Consulting
"Bir, Chaudhary and Kohli",16-06-2023,2023,4445,Graphic Design
Sami PLC,03-12-2021,2021,20008,UI/UX Design
Bains-Saraf,15-09-2021,2021,24581,Graphic Design
"Dube, Mannan and Lal",20-03-2024,2024,21994,Digital Strategy
Dey-Jain,04-09-2024,2024,4710,Web Development
Lata-Dubey,12-09-2025,2025,9888,UI/UX Design
"Bera, Khatri and Lalla",27-03-2021,2021,10365,E-commerce Consulting
"Datta, Bala and Shenoy",02-11-2023,2023,12603,Social Media Marketing
Bains-Saraf,02-03-2024,2024,18460,SEO
Kaul PLC,10-06-2023,2023,21546,Web Development
"Bir, Chaudhary and Kohli",15-08-2022,2022,12350,Content Writing
"Viswanathan, Kashyap and Rajagopalan",24-09-2024,2024,18668,Web Development
Hegde-Golla,11-04-2023,2023,16065,Social Media Marketing
Guha Group,15-08-2022,2022,3598,E-commerce Consulting
"Bora, Yadav and Aurora",05-10-2021,2021,2493,Content Writing
"Rege, Ravel and Thakur",17-01-2024,2024,16297,Digital Strategy
Kamdar-Comar,16-08-2022,2022,13339,App Development
"Doshi, Gola and Doctor",05-11-2023,2023,22654,App Development
"Toor, Rattan and Samra",18-08-2024,2024,18271,Content Writing
Shenoy-Kanda,30-11-2024,2024,22256,UI/UX Design
Char Ltd,09-05-2021,2021,5219,Digital Strategy
"Bera, Khatri and Lalla",25-11-2021,2021,13718,App Development
Mannan-Buch,14-05-2025,2025,18266,Social Media Marketing
"Rege, Ravel and Thakur",06-02-2023,2023,14985,E-commerce Consulting
"Soni, Biswas and Sur",22-03-2021,2021,24949,Content Writing
"Tiwari, Ganesh and Badal",11-08-2025,2025,22872,Web Development
Kamdar-Comar,16-10-2021,2021,19323,E-commerce Consulting
Basu-Dhaliwal,11-08-2021,2021,5279,UI/UX Design
"Warrior, Behl and Baral",04-09-2022,2022,5308,Digital Strategy
Basu-Cheema,17-10-2022,2022,12897,App Development
Goyal-Ahuja,10-02-2024,2024,9635,Web Development
Raman LLC,27-02-2022,2022,6400,SEO
"Viswanathan, Kashyap and Rajagopalan",10-07-2022,2022,6922,Content Writing
Dhar and Sons,16-11-2024,2024,2138,Content Writing
Basu-Cheema,08-09-2025,2025,18787,App Development
Deol PLC,26-06-2022,2022,11270,Digital Strategy
Kale-Dewan,02-01-2024,2024,8286,Digital Strategy
Virk-Kota,10-04-2022,2022,17089,Digital Strategy
Khalsa Ltd,04-03-2021,2021,23422,Social Media Marketing
Das-Gade,04-10-2024,2024,16553,UI/UX Design
"Sankar, Lalla and Bhalla",29-04-2025,2025,2135,E-commerce Consulting
Char Inc,09-11-2021,2021,17953,Graphic Design
Barad-Lal,05-11-2022,2022,15503,SEO
Wason and Sons,04-04-2023,2023,5839,Digital Strategy
Kaul PLC,16-12-2021,2021,16880,Digital Strategy
Ram Inc,12-07-2023,2023,10788,SEO
"Issac, Jani and Thakkar",11-04-2022,2022,6931,UI/UX Design
Lata-Dubey,14-09-2023,2023,10721,Graphic Design
Kaul PLC,23-08-2025,2025,19538,App Development
Kale-Dewan,02-12-2024,2024,24541,Graphic Design
Toor-Raman,24-08-2021,2021,2736,E-commerce Consulting
"Tiwari, Ganesh and Badal",23-03-2022,2022,6825,Email Marketing
Kale-Dewan,29-01-2025,2025,2345,Content Writing
"Warrior, Behl and Baral",06-02-2022,2022,22027,Digital Strategy
Kannan-Kanda,27-04-2022,2022,6495,Email Marketing
Rajagopal-Koshy,09-02-2021,2021,12120,Content Writing
Bajaj Ltd,10-06-2024,2024,5960,SEO
Lata-Dubey,06-10-2021,2021,23565,UI/UX Design
Chandra LLC,19-01-2023,2023,17945,Content Writing
Krishnamurthy-Gala,16-02-2023,2023,18212,Social Media Marketing
Babu Group,01-01-2024,2024,17063,Web Development
"Dube, Mannan and Lal",12-02-2025,2025,20154,E-commerce Consulting
"Kade, Barman and Trivedi",16-11-2021,2021,18282,Digital Strategy
"Chandra, Chopra and Bahri",17-07-2021,2021,3268,Graphic Design
Shenoy-Kanda,21-02-2021,2021,20534,UI/UX Design
"Issac, Jani and Thakkar",02-10-2025,2025,4601,SEO
Toor-Raman,27-11-2025,2025,21181,App Development
Boase-Kalla,09-05-2024,2024,10549,Email Marketing
Yohannan-Thakkar,30-03-2024,2024,23802,Content Writing
Golla-Rout,04-05-2025,2025,4973,Web Development
Raman LLC,21-04-2025,2025,12303,E-commerce Consulting
Shenoy-Kanda,30-11-2024,2024,23925,Social Media Marketing
Kamdar-Comar,05-06-2023,2023,19227,SEO
"Warrior, Behl and Baral",15-10-2024,2024,8240,UI/UX Design
Sethi LLC,07-09-2025,2025,17742,Web Development
Deol PLC,22-02-2022,2022,15989,Email Marketing
Basu-Dhaliwal,06-02-2022,2022,17260,SEO
Babu Group,21-10-2024,2024,21839,Digital Strategy
Babu Group,30-03-2023,2023,2080,E-commerce Consulting
Mannan-Buch,18-01-2021,2021,7600,Digital Strategy
Dhar and Sons,04-04-2021,2021,3452,Web Development
"Issac, Jani and Thakkar",23-01-2025,2025,2352,Graphic Design
Goyal-Ahuja,04-09-2025,2025,12791,UI/UX Design
Sharaf LLC,08-10-2024,2024,22888,Email Marketing
"Cheema, Gola and Kurian",14-09-2021,2021,8973,Web Development
"Bhargava, Manne and Arya",15-12-2023,2023,5126,Content Writing
Wason and Sons,08-05-2024,2024,6402,Graphic Design
Guha Group,26-12-2022,2022,9640,Graphic Design
Ram Inc,22-08-2024,2024,6351,Content Writing
Deol PLC,11-02-2024,2024,22693,E-commerce Consulting
"Tiwari, Ganesh and Badal",10-12-2024,2024,7550,Digital Strategy
"Dube, Mannan and Lal",12-05-2021,2021,12160,UI/UX Design
Bajaj Ltd,05-03-2021,2021,13087,SEO
"Dugar, Kari and Sarma",10-08-2022,2022,18955,Digital Strategy
Sachar Ltd,26-12-2025,2025,4339,Graphic Design
Basu-Cheema,22-01-2024,2024,12908,SEO
"Vyas, Anne and Hegde",12-07-2024,2024,3702,Email Marketing
Vig-Acharya,13-06-2024,2024,5888,Web Development
Sethi LLC,18-02-2025,2025,11995,SEO
Rajagopal-Koshy,11-06-2022,2022,24550,SEO
Sethi LLC,08-05-2024,2024,5694,UI/UX Design
Virk-Kota,01-02-2025,2025,3909,UI/UX Design
Sethi LLC,06-01-2024,2024,22264,Web Development
"Soni, Biswas and Sur",30-07-2024,2024,18230,UI/UX Design
Kamdar-Comar,08-08-2023,2023,11280,Web Development
Kamdar-Comar,25-03-2021,2021,21134,Email Marketing
Hegde-Golla,09-11-2025,2025,24161,Graphic Design
"Dube, Mannan and Lal",09-01-2021,2021,11696,E-commerce Consulting
Wason and Sons,13-11-2023,2023,23723,Social Media Marketing
Boase-Kalla,04-08-2024,2024,24673,UI/UX Design
Dhar and Sons,17-09-2022,2022,6186,App Development
Savant and Sons,27-04-2024,2024,21842,Email Marketing
"Tata, Kuruvilla and Sha",08-04-2021,2021,18611,SEO
Shenoy-Kanda,05-11-2023,2023,6212,Content Writing
Dhawan LLC,26-04-2021,2021,3845,SEO
"Dugar, Kari and Sarma",30-05-2021,2021,15265,App Development
"Kade, Barman and Trivedi",19-06-2023,2023,16768,SEO
Babu Group,03-08-2025,2025,10362,Content Writing
Kaul PLC,14-12-2023,2023,11798,SEO
"Rajagopalan, Shroff and Sarraf",09-05-2023,2023,5360,UI/UX Design
Babu Group,14-02-2022,2022,15484,Web Development
Golla-Rout,29-10-2021,2021,23135,Graphic Design
Yohannan-Thakkar,29-11-2021,2021,21827,SEO
Ram Inc,21-08-2024,2024,24464,Social Media Marketing
Sachar Ltd,31-12-2021,2021,22198,Content Writing
"Warrior, Behl and Baral",28-09-2023,2023,12750,UI/UX Design
Kar-Krish,26-05-2024,2024,6116,Content Writing
"Kade, Barman and Trivedi",15-01-2025,2025,14918,Email Marketing
Sethi LLC,15-10-2024,2024,12495,Digital Strategy
Shenoy-Kanda,06-04-2022,2022,20006,Graphic Design
Toor-Raman,06-04-2022,2022,12269,Social Media Marketing
Barad-Lal,14-03-2024,2024,3939,SEO
Gupta Inc,24-08-2023,2023,15442,Social Media Marketing
Kar-Krish,30-01-2021,2021,21979,Graphic Design
Barad-Lal,02-04-2025,2025,10285,Content Writing
Sharaf LLC,12-03-2024,2024,16924,Email Marketing
"Toor, Rattan and Samra",11-05-2023,2023,24914,Digital Strategy
Golla-Rout,09-12-2021,2021,4105,Email Marketing
Lata-Dubey,04-07-2021,2021,20421,Graphic Design
"Toor, Rattan and Samra",02-09-2023,2023,14652,SEO
"Chahal, Tata and Salvi",11-09-2021,2021,7983,Web Development
"Issac, Jani and Thakkar",25-12-2025,2025,18856,Digital Strategy
"Bir, Chaudhary and Kohli",19-06-2022,2022,23378,App Development
Bala-Kumar,12-12-2023,2023,8486,Social Media Marketing
"Rajagopalan, Shroff and Sarraf",13-07-2024,2024,18845,Social Media Marketing
"Chandra, Chopra and Bahri",11-08-2023,2023,7174,App Development
Char Inc,29-09-2022,2022,11144,Email Marketing
Char Ltd,28-08-2023,2023,12054,E-commerce Consulting
Basu-Cheema,15-01-2021,2021,13588,App Development
Bajaj Ltd,30-07-2022,2022,13101,Social Media Marketing
Wason and Sons,01-03-2023,2023,7251,E-commerce Consulting
Basu-Dhaliwal,20-12-2025,2025,6357,App Development
"Bora, Yadav and Aurora",21-10-2022,2022,12841,Graphic Design
"Issac, Jani and Thakkar",06-08-2025,2025,19474,Web Development
Dhar and Sons,09-04-2021,2021,13578,Email Marketing
Hegde-Golla,14-11-2025,2025,15066,App Development
Virk-Kota,09-03-2022,2022,20071,Graphic Design
"Toor, Rattan and Samra",10-09-2023,2023,24507,Digital Strategy
Hegde-Golla,10-06-2024,2024,14615,Graphic Design
Wason and Sons,05-04-2023,2023,7640,Graphic Design
Dey-Jain,09-06-2023,2023,6768,Content Writing
Chandra LLC,10-09-2023,2023,11505,Social Media Marketing
Gupta Inc,06-05-2023,2023,20933,Content Writing
"Tiwari, Ganesh and Badal",04-11-2024,2024,21861,Social Media Marketing
Kale-Dewan,08-01-2021,2021,12751,E-commerce Consulting
Vig-Acharya,13-05-2024,2024,6566,UI/UX Design
Din PLC,23-09-2025,2025,9359,Content Writing
"Bera, Khatri and Lalla",26-08-2021,2021,21956,Graphic Design
Din PLC,02-10-2021,2021,10563,Digital Strategy
Das-Gade,24-09-2025,2025,24121,Social Media Marketing
Korpal and Sons,18-05-2025,2025,4533,Social Media Marketing
"Viswanathan, Kashyap and Rajagopalan",11-07-2025,2025,14539,Email Marketing
"Toor, Rattan and Samra",28-04-2021,2021,15055,Graphic Design
Khalsa Ltd,07-11-2023,2023,19095,Digital Strategy
"Tata, Kuruvilla and Sha",26-05-2021,2021,14879,App Development
Basu-Dhaliwal,24-08-2022,2022,9213,Graphic Design
"Dube, Mannan and Lal",23-04-2025,2025,5909,UI/UX Design
"Viswanathan, Kashyap and Rajagopalan",20-04-2021,2021,13657,SEO
"Ganguly, Thakur and Krishna",07-09-2022,2022,12654,UI/UX Design
Din PLC,08-01-2023,2023,24993,Digital Strategy
"Rege, Ravel and Thakur",16-09-2024,2024,11045,E-commerce Consulting
"Datta, Bala and Shenoy",08-11-2023,2023,9573,App Development
Lata-Dubey,01-05-2023,2023,23518,Web Development
"Vyas, Anne and Hegde",29-05-2021,2021,12029,Email Marketing
"Bir, Chaudhary and Kohli",22-08-2025,2025,4629,Graphic Design
Raman LLC,02-11-2021,2021,13729,Digital Strategy
Din PLC,26-05-2022,2022,19181,Graphic Design
Ram Inc,19-07-2025,2025,20807,Social Media Marketing
Dhar and Sons,05-05-2023,2023,5182,App Development
Bhalla-Hegde,08-02-2024,2024,13654,SEO
Vig-Acharya,16-12-2022,2022,18121,Graphic Design
Sachar Ltd,28-11-2023,2023,6918,UI/UX Design
Sachar Ltd,28-07-2021,2021,19540,Email Marketing
"Soni, Biswas and Sur",20-05-2023,2023,9278,Web Development
Bala-Kumar,02-10-2024,2024,24079,Graphic Design
"Viswanathan, Kashyap and Rajagopalan",11-03-2023,2023,16916,Digital Strategy
Virk-Kota,29-07-2023,2023,4244,Digital Strategy
Kaul PLC,15-06-2023,2023,11100,Digital Strategy
"Tata, Kuruvilla and Sha",13-12-2025,2025,15946,E-commerce Consulting
Kale-Dewan,05-03-2022,2022,8157,UI/UX Design
Sachar Ltd,22-05-2022,2022,13373,Digital Strategy
Boase-Kalla,20-09-2024,2024,15096,Web Development
"Soni, Biswas and Sur",25-06-2021,2021,9269,Social Media Marketing
Virk-Kota,10-02-2022,2022,2694,Graphic Design
Khalsa Ltd,29-03-2021,2021,20567,Digital Strategy
Sethi LLC,09-08-2021,2021,4562,UI/UX Design
Gupta Inc,11-12-2024,2024,10812,Email Marketing
Yohannan-Thakkar,10-06-2022,2022,20734,Digital Strategy
"Bera, Khatri and Lalla",22-01-2023,2023,19774,UI/UX Design
Lata-Dubey,11-05-2024,2024,3865,Graphic Design
"Bir, Chaudhary and Kohli",12-05-2021,2021,15156,Content Writing
Korpal and Sons,04-05-2025,2025,11557,SEO
"Bir, Chaudhary and Kohli",18-10-2024,2024,18225,E-commerce Consulting
"Dugar, Kari and Sarma",07-07-2022,2022,23514,UI/UX Design
Chaudhary Group,05-11-2024,2024,16103,Graphic Design
Kaul PLC,26-02-2024,2024,24466,Digital Strategy
Krishnamurthy-Gala,23-05-2023,2023,5229,Graphic Design
Sami PLC,25-06-2023,2023,15336,Digital Strategy
Khalsa Ltd,07-04-2025,2025,13173,App Development
Basu-Cheema,16-12-2022,2022,5730,SEO
Khalsa Ltd,19-08-2024,2024,9417,Web Development
"Bera, Khatri and Lalla",10-05-2021,2021,13033,Web Development
Golla-Rout,23-05-2023,2023,12284,Email Marketing
Bains-Saraf,25-09-2021,2021,18130,Email Marketing
"Datta, Bala and Shenoy",07-08-2023,2023,19773,Social Media Marketing
Shenoy-Kanda,02-08-2021,2021,8982,App Development
"Issac, Jani and Thakkar",15-04-2022,2022,7071,Web Development
"Toor, Rattan and Samra",03-07-2022,2022,2206,Digital Strategy
Bhalla-Hegde,20-06-2023,2023,20932,Social Media Marketing
"Tata, Kuruvilla and Sha",12-02-2021,2021,7691,Digital Strategy
"Rege, Ravel and Thakur",27-07-2025,2025,17263,SEO
Bajaj Ltd,27-03-2021,2021,2582,Web Development
"Bera, Khatri and Lalla",21-05-2021,2021,2657,Web Development
Toor-Raman,09-05-2022,2022,20506,E-commerce Consulting
"Sankar, Lalla and Bhalla",06-01-2024,2024,10930,Web Development
Mannan-Buch,16-07-2021,2021,2654,SEO
"Dugar, Kari and Sarma",30-06-2024,2024,7018,Email Marketing
Bhatnagar and Sons,31-07-2025,2025,23187,Social Media Marketing
"Datta, Bala and Shenoy",11-02-2024,2024,3653,E-commerce Consulting
"Doshi, Gola and Doctor",12-04-2022,2022,24563,Email Marketing
Shenoy-Kanda,04-02-2022,2022,3251,Social Media Marketing
Dey-Jain,06-08-2021,2021,5546,SEO
Dhawan LLC,12-01-2024,2024,17322,App Development
Wason LLC,24-03-2021,2021,4432,Digital Strategy
Sami PLC,06-07-2022,2022,10262,E-commerce Consulting
Raman LLC,01-03-2025,2025,5839,UI/UX Design
"Dube, Mannan and Lal",10-01-2025,2025,18927,App Development
Boase-Kalla,27-11-2023,2023,13283,Email Marketing
"Tata, Kuruvilla and Sha",30-11-2024,2024,24859,UI/UX Design
Sharaf LLC,19-01-2022,2022,7884,Web Development
Basu-Cheema,01-12-2021,2021,6123,Content Writing
Wason LLC,17-03-2025,2025,22284,Social Media Marketing
Dhar and Sons,16-12-2022,2022,11271,Content Writing
Guha Group,05-07-2024,2024,13043,Email Marketing
Guha Group,02-12-2025,2025,22155,Web Development
"Vyas, Anne and Hegde",06-12-2022,2022,22300,Social Media Marketing
"Ganguly, Thakur and Krishna",26-04-2022,2022,13312,UI/UX Design
Boase-Kalla,02-02-2025,2025,18463,E-commerce Consulting
Yohannan-Thakkar,19-08-2024,2024,15238,Email Marketing
"Bhargava, Manne and Arya",14-06-2021,2021,3878,Email Marketing
"Chaudry, Sankar and Hari",28-11-2022,2022,24398,Web Development
Babu Group,23-02-2021,2021,3620,App Development
Babu Group,24-02-2024,2024,8171,SEO
Guha Group,17-11-2025,2025,2334,App Development
"Cheema, Gola and Kurian",11-04-2022,2022,4171,Content Writing
Shenoy-Kanda,06-10-2022,2022,21214,Graphic Design
"Tiwari, Ganesh and Badal",18-01-2023,2023,9851,Graphic Design
Bains-Saraf,07-09-2023,2023,2014,Web Development
"Cheema, Gola and Kurian",03-08-2023,2023,2234,Content Writing
Korpal and Sons,17-06-2023,2023,24755,Web Development
Bajaj Ltd,28-04-2021,2021,18340,E-commerce Consulting
"Bora, Yadav and Aurora",06-11-2025,2025,16783,Email Marketing
Virk-Kota,31-03-2022,2022,8963,Content Writing
"Bera, Khatri and Lalla",21-10-2023,2023,15815,Email Marketing
Wason and Sons,08-08-2025,2025,18359,Content Writing
Char Inc,14-11-2023,2023,10767,Social Media Marketing
"Chaudry, Sankar and Hari",05-04-2021,2021,16467,Graphic Design
"Vyas, Anne and Hegde",25-04-2024,2024,7902,Content Writing
Virk-Kota,31-01-2022,2022,19170,Email Marketing
"Sankar, Lalla and Bhalla",18-08-2022,2022,4395,Email Marketing
Chandra LLC,16-10-2025,2025,10645,Social Media Marketing
"Dube, Mannan and Lal",20-08-2025,2025,9719,SEO
Basu-Dhaliwal,09-07-2021,2021,21665,Digital Strategy
"Cheema, Gola and Kurian",02-11-2024,2024,10265,App Development
"Doshi, Gola and Doctor",13-02-2023,2023,23470,App Development
"Chaudry, Sankar and Hari",16-12-2023,2023,6355,SEO
Bhalla-Hegde,01-10-2025,2025,18729,Digital Strategy
Shenoy-Kanda,24-04-2022,2022,16084,Social Media Marketing
"Dugar, Kari and Sarma",20-05-2022,2022,10732,Email Marketing
Kale-Dewan,27-02-2021,2021,2769,Digital Strategy
"Soni, Biswas and Sur",06-12-2022,2022,9043,Graphic Design
Mannan-Buch,12-12-2022,2022,15558,UI/UX Design
Vig-Acharya,17-09-2021,2021,16094,Social Media Marketing
"Soni, Biswas and Sur",19-05-2023,2023,11513,E-commerce Consulting
Dhawan LLC,17-07-2024,2024,19747,Social Media Marketing
"Viswanathan, Kashyap and Rajagopalan",07-10-2023,2023,15061,App Development
"Warrior, Behl and Baral",09-10-2024,2024,10561,App Development
Vig-Acharya,23-12-2024,2024,24944,Social Media Marketing
Savant and Sons,17-03-2025,2025,4857,Graphic Design
"Ganguly, Thakur and Krishna",08-03-2021,2021,15694,UI/UX Design
Ram Inc,06-10-2022,2022,14501,Social Media Marketing
Sami PLC,27-12-2021,2021,9121,SEO
Dhawan LLC,03-12-2024,2024,11991,Email Marketing
Deol PLC,20-03-2024,2024,5513,Email Marketing
"Doshi, Gola and Doctor",26-03-2025,2025,4893,Email Marketing
"Bora, Yadav and Aurora",12-10-2023,2023,11056,Content Writing
Boase-Kalla,28-02-2025,2025,6150,Digital Strategy
Deol PLC,19-08-2025,2025,17408,E-commerce Consulting
Mannan-Buch,01-09-2021,2021,24245,Email Marketing
Sachar Ltd,31-07-2025,2025,19280,UI/UX Design
Dhawan LLC,17-11-2022,2022,22886,E-commerce Consulting
"Bir, Chaudhary and Kohli",17-08-2022,2022,9640,Content Writing
Golla-Rout,13-03-2024,2024,15969,Email Marketing
Korpal and Sons,09-07-2022,2022,9933,E-commerce Consulting
"Bhargava, Manne and Arya",29-11-2024,2024,22494,Web Development
Rajagopal-Koshy,21-02-2022,2022,6292,Web Development
"Chaudry, Sankar and Hari",07-08-2022,2022,20639,Content Writing
"Kade, Barman and Trivedi",06-03-2024,2024,2717,E-commerce Consulting
Dey-Jain,11-12-2024,2024,22932,Graphic Design
Sastry-Ray,21-01-2023,2023,6282,Web Development
Kale-Dewan,06-04-2023,2023,17603,Content Writing
"Tata, Kuruvilla and Sha",18-11-2021,2021,17047,App Development
"Issac, Jani and Thakkar",22-03-2021,2021,5613,E-commerce Consulting
"Saini, Ahuja and Khalsa",30-01-2025,2025,16177,Digital Strategy
Golla-Rout,15-11-2024,2024,9002,App Development
Khalsa Ltd,04-02-2025,2025,8384,SEO
Bains-Saraf,13-03-2024,2024,14018,SEO
Boase-Kalla,09-04-2025,2025,21705,Web Development
Basu-Cheema,12-07-2023,2023,11321,Digital Strategy
Chandra LLC,29-04-2023,2023,23808,UI/UX Design
Sharaf LLC,24-09-2025,2025,13922,Web Development
Dey-Jain,13-07-2023,2023,8274,App Development
Basu-Cheema,22-01-2021,2021,4221,Email Marketing
Sastry-Ray,17-01-2022,2022,4395,Web Development
Sachar Ltd,22-05-2024,2024,12269,Email Marketing
Boase-Kalla,21-03-2025,2025,9403,Email Marketing
"Warrior, Behl and Baral",29-05-2025,2025,18279,Web Development
"Chahal, Tata and Salvi",26-08-2022,2022,11107,UI/UX Design
Virk-Kota,15-12-2021,2021,24549,E-commerce Consulting
Vig-Acharya,19-08-2022,2022,10187,Digital Strategy
"Cheema, Gola and Kurian",04-11-2023,2023,24848,E-commerce Consulting
Sastry-Ray,21-03-2023,2023,13134,E-commerce Consulting
Datta-Joshi,08-09-2021,2021,20248,Graphic Design
"Warrior, Behl and Baral",12-06-2023,2023,6083,Digital Strategy
"Tata, Kuruvilla and Sha",11-08-2023,2023,3355,E-commerce Consulting
Basu-Cheema,30-10-2021,2021,22262,Graphic Design
"Bera, Khatri and Lalla",05-06-2021,2021,20373,UI/UX Design
Hegde-Golla,13-11-2025,2025,10439,App Development
Sethi LLC,16-06-2024,2024,17387,Content Writing
Vig-Acharya,09-04-2022,2022,23788,UI/UX Design
"Rege, Ravel and Thakur",11-12-2025,2025,11572,SEO
Bains-Saraf,06-03-2025,2025,6520,E-commerce Consulting
Wason and Sons,04-07-2022,2022,12363,SEO
"Saini, Ahuja and Khalsa",06-05-2023,2023,23848,SEO
"Soni, Biswas and Sur",19-10-2022,2022,23231,Email Marketing
Wason LLC,29-03-2024,2024,24096,Email Marketing
Char Ltd,26-01-2022,2022,24191,App Development
Guha Group,20-04-2022,2022,4204,Graphic Design
Golla-Rout,11-09-2023,2023,4013,Web Development
"Rajagopalan, Shroff and Sarraf",21-06-2025,2025,3978,Content Writing
"Rajagopalan, Shroff and Sarraf",06-12-2022,2022,4151,E-commerce Consulting
Yohannan-Thakkar,11-06-2024,2024,18269,App Development
Kaul PLC,16-12-2025,2025,22803,Graphic Design
Sharaf LLC,15-01-2022,2022,19526,Email Marketing
"Chaudry, Sankar and Hari",28-08-2024,2024,15634,App Development
"Vyas, Anne and Hegde",24-02-2023,2023,12810,Graphic Design
Bhatnagar and Sons,08-03-2023,2023,12745,Digital Strategy
"Kohli, Gill and Sharma",25-09-2025,2025,10534,Content Writing
Sharaf LLC,01-11-2021,2021,22029,App Development
Barad-Lal,20-12-2025,2025,19850,App Development
Shenoy-Kanda,11-07-2024,2024,12418,Graphic Design
"Kohli, Gill and Sharma",08-11-2021,2021,7788,SEO
Din PLC,07-01-2025,2025,11715,UI/UX Design
Barad-Lal,05-08-2023,2023,14223,SEO
"Viswanathan, Kashyap and Rajagopalan",05-02-2024,2024,21432,Content Writing
"Chandra, Chopra and Bahri",10-12-2023,2023,15737,UI/UX Design
"Chaudry, Sankar and Hari",02-11-2022,2022,8813,Web Development
"Warrior, Behl and Baral",09-05-2021,2021,9060,Content Writing
Raman LLC,14-12-2023,2023,17539,Graphic Design
Kaul PLC,25-08-2023,2023,12708,Graphic Design
Chaudhary Group,11-09-2025,2025,15732,E-commerce Consulting
"Tata, Kuruvilla and Sha",27-03-2021,2021,13030,Email Marketing
Wason LLC,11-12-2025,2025,17350,SEO
Deol PLC,18-01-2024,2024,6240,Web Development
Lata-Dubey,14-08-2024,2024,2376,Email Marketing
Kale-Dewan,10-03-2025,2025,22062,UI/UX Design
Bajaj Ltd,19-04-2022,2022,22348,UI/UX Design
Datta-Joshi,22-01-2022,2022,4126,E-commerce Consulting
Savant and Sons,19-10-2023,2023,11448,SEO
"Toor, Rattan and Samra",14-01-2024,2024,14393,SEO
Yohannan-Thakkar,28-06-2024,2024,19546,Social Media Marketing
Kannan-Kanda,28-04-2023,2023,17291,E-commerce Consulting
Datta-Joshi,13-05-2025,2025,19501,Web Development
Char Ltd,12-12-2022,2022,8077,Email Marketing
Korpal and Sons,07-01-2022,2022,17262,Digital Strategy
Khalsa Ltd,02-11-2022,2022,5091,E-commerce Consulting
Bains-Saraf,30-07-2025,2025,2833,App Development
"Doshi, Gola and Doctor",19-02-2023,2023,14116,Web Development
Sethi LLC,18-02-2024,2024,20448,UI/UX Design
"Bera, Khatri and Lalla",21-01-2022,2022,3927,Graphic Design
Hegde-Golla,30-11-2021,2021,7078,UI/UX Design
Hegde-Golla,18-10-2025,2025,24561,E-commerce Consulting
Datta-Joshi,11-07-2025,2025,4936,E-commerce Consulting
"Doshi, Gola and Doctor",12-09-2022,2022,24292,Content Writing
"Viswanathan, Kashyap and Rajagopalan",05-12-2025,2025,14603,Digital Strategy
"Bir, Chaudhary and Kohli",11-05-2022,2022,10578,Email Marketing
"Warrior, Behl and Baral",19-01-2024,2024,7782,Email Marketing
Sharaf LLC,03-07-2022,2022,12802,Graphic Design
Chaudhary Group,13-05-2024,2024,7535,App Development
Dhawan LLC,04-12-2022,2022,14780,Graphic Design
Yohannan-Thakkar,30-09-2023,2023,12309,SEO
Ram Inc,11-11-2022,2022,24775,Graphic Design
Yohannan-Thakkar,03-02-2025,2025,21921,UI/UX Design
"Kade, Barman and Trivedi",01-08-2024,2024,13597,Email Marketing
Korpal and Sons,08-05-2023,2023,18756,E-commerce Consulting
"Dugar, Kari and Sarma",17-11-2023,2023,20156,E-commerce Consulting
Bala-Kumar,23-08-2024,2024,18341,Digital Strategy
"Ganguly, Thakur and Krishna",15-08-2022,2022,16791,UI/UX Design
Bhalla-Hegde,13-07-2023,2023,20692,App Development
Basu-Dhaliwal,06-03-2023,2023,3518,E-commerce Consulting
"Dube, Mannan and Lal",15-09-2025,2025,16547,Social Media Marketing
Das-Gade,21-11-2023,2023,16341,Content Writing
"Chaudry, Sankar and Hari",25-11-2023,2023,20845,Graphic Design
Lata-Dubey,08-01-2022,2022,20235,Email Marketing
"Dube, Mannan and Lal",11-09-2022,2022,18601,SEO
"Bora, Yadav and Aurora",18-02-2023,2023,11125,App Development
Guha Group,10-11-2021,2021,19987,Content Writing
Krishnamurthy-Gala,21-06-2021,2021,4427,Content Writing
"Sankar, Lalla and Bhalla",28-11-2024,2024,17260,App Development
Datta-Joshi,06-01-2021,2021,8258,App Development
Sastry-Ray,04-12-2024,2024,13019,E-commerce Consulting
"Saini, Ahuja and Khalsa",15-05-2023,2023,14792,Web Development
"Soni, Biswas and Sur",18-01-2021,2021,16508,Content Writing
"Toor, Rattan and Samra",28-06-2021,2021,24460,Email Marketing
"Dube, Mannan and Lal",19-09-2024,2024,15519,SEO
Shenoy-Kanda,11-06-2021,2021,21586,Social Media Marketing
Barad-Lal,17-04-2025,2025,24636,Web Development
Hegde-Golla,07-08-2025,2025,22107,E-commerce Consulting
"Bir, Chaudhary and Kohli",12-03-2021,2021,7900,Graphic Design
Karan Ltd,12-01-2023,2023,23339,App Development
Dey-Jain,31-01-2023,2023,7427,App Development
Hegde-Golla,14-01-2021,2021,8793,Social Media Marketing
Dhawan LLC,19-02-2023,2023,13575,Content Writing
Vig-Acharya,04-09-2021,2021,2424,Social Media Marketing
Bajaj Ltd,20-07-2023,2023,10409,SEO
Goyal-Ahuja,19-04-2021,2021,7799,App Development
Ram Inc,27-03-2024,2024,3961,SEO
Yohannan-Thakkar,14-06-2023,2023,18055,UI/UX Design
Sastry-Ray,07-04-2023,2023,22851,E-commerce Consulting
"Bera, Khatri and Lalla",30-01-2022,2022,18098,Web Development
"Chandra, Chopra and Bahri",20-07-2022,2022,2722,Social Media Marketing
Korpal and Sons,06-02-2021,2021,7420,Digital Strategy
"Tata, Kuruvilla and Sha",25-10-2021,2021,12291,SEO
"Kade, Barman and Trivedi",12-08-2022,2022,21285,Graphic Design
"Bir, Chaudhary and Kohli",04-12-2023,2023,21627,Social Media Marketing
Kar-Krish,03-07-2021,2021,12434,Email Marketing
Kaul PLC,16-07-2023,2023,14252,Digital Strategy
Lata-Dubey,18-05-2021,2021,12938,Social Media Marketing
Sastry-Ray,10-06-2022,2022,9804,SEO
"Dugar, Kari and Sarma",18-09-2023,2023,9488,Graphic Design
Dey-Jain,13-09-2021,2021,10310,Graphic Design
Bhatnagar and Sons,05-05-2025,2025,4472,Web Development
Barad-Lal,03-09-2025,2025,19300,App Development
"Warrior, Behl and Baral",13-05-2023,2023,23737,Social Media Marketing
Guha Group,21-08-2023,2023,8806,SEO
"Doshi, Gola and Doctor",15-11-2021,2021,24681,Email Marketing
Karan Ltd,06-11-2022,2022,2666,Content Writing
Virk-Kota,11-02-2021,2021,14954,Content Writing
Kaul PLC,30-09-2024,2024,23649,Graphic Design
Dhawan LLC,20-11-2022,2022,20859,UI/UX Design
Karan Ltd,09-06-2022,2022,10828,E-commerce Consulting
Dey-Jain,07-08-2021,2021,8902,Email Marketing
"Bera, Khatri and Lalla",07-11-2022,2022,6187,SEO
Bhatnagar and Sons,11-02-2022,2022,14396,E-commerce Consulting
Rajagopal-Koshy,12-01-2023,2023,13697,UI/UX Design
Sastry-Ray,03-12-2023,2023,16463,E-commerce Consulting
"Rege, Ravel and Thakur",06-10-2023,2023,18388,Digital Strategy
Sastry-Ray,07-11-2023,2023,24055,Email Marketing
Kale-Dewan,28-02-2021,2021,18980,E-commerce Consulting
Kamdar-Comar,28-12-2024,2024,22357,Social Media Marketing
Guha Group,03-02-2025,2025,10433,E-commerce Consulting
Korpal and Sons,15-09-2023,2023,24866,Content Writing
Char Inc,15-10-2023,2023,12509,UI/UX Design
Bhalla-Hegde,21-09-2025,2025,22839,App Development
Karan Ltd,09-06-2022,2022,20087,Graphic Design
Barad-Lal,10-11-2022,2022,4050,Web Development
Ram Inc,29-03-2022,2022,10087,Digital Strategy
Sastry-Ray,18-06-2023,2023,20033,Digital Strategy
"Datta, Bala and Shenoy",08-06-2023,2023,10341,UI/UX Design
Dey-Jain,22-07-2023,2023,4100,E-commerce Consulting
"Kohli, Gill and Sharma",23-05-2022,2022,2504,Content Writing
Sachar Ltd,07-06-2024,2024,2736,Content Writing
Toor-Raman,13-02-2022,2022,6786,App Development
Chaudhary Group,27-09-2021,2021,20636,App Development
Sharaf LLC,12-08-2023,2023,24326,SEO
"Tiwari, Ganesh and Badal",31-12-2023,2023,12530,Social Media Marketing
Savant and Sons,01-12-2025,2025,22636,SEO
Dey-Jain,07-09-2022,2022,19266,Email Marketing
Lata-Dubey,31-08-2022,2022,17625,SEO
Bains-Saraf,23-05-2025,2025,11321,Graphic Design
"Doshi, Gola and Doctor",08-12-2022,2022,12378,Content Writing
Guha Group,15-02-2022,2022,13551,UI/UX Design
Dhar and Sons,03-11-2025,2025,20054,SEO
Bhalla-Hegde,30-03-2025,2025,21567,Email Marketing
Dhar and Sons,09-03-2023,2023,19564,Digital Strategy
Shenoy-Kanda,31-10-2022,2022,17167,Digital Strategy
Dhawan LLC,07-01-2022,2022,19464,Social Media Marketing
Sharaf LLC,22-07-2025,2025,9415,Digital Strategy
Gupta Inc,14-06-2021,2021,5271,Email Marketing
Char Ltd,09-06-2025,2025,9781,Social Media Marketing
"Viswanathan, Kashyap and Rajagopalan",29-12-2022,2022,22778,SEO
Barad-Lal,06-01-2023,2023,16093,App Development
"Dube, Mannan and Lal",03-08-2021,2021,24664,Social Media Marketing
"Chaudry, Sankar and Hari",27-07-2022,2022,19977,SEO
Gupta Inc,15-07-2021,2021,24433,E-commerce Consulting
Kannan-Kanda,16-05-2022,2022,9406,Digital Strategy
"Viswanathan, Kashyap and Rajagopalan",01-06-2023,2023,18446,Digital Strategy
Savant and Sons,18-01-2025,2025,19793,Digital Strategy
Sami PLC,22-05-2024,2024,3240,E-commerce Consulting
Bhatnagar and Sons,11-05-2025,2025,19441,SEO
Bajaj Ltd,22-06-2025,2025,4023,Digital Strategy
Chaudhary Group,27-12-2023,2023,4849,Content Writing
"Kade, Barman and Trivedi",30-12-2022,2022,11043,Email Marketing
Chandra LLC,11-02-2022,2022,23540,Social Media Marketing
Barad-Lal,31-08-2023,2023,20681,UI/UX Design
"Bora, Yadav and Aurora",09-08-2025,2025,13747,Email Marketing
"Vyas, Anne and Hegde",02-09-2021,2021,14486,Social Media Marketing
Kar-Krish,29-11-2024,2024,11599,Email Marketing
Das-Gade,07-10-2024,2024,8895,Email Marketing
"Vyas, Anne and Hegde",08-03-2021,2021,23452,Email Marketing
"Chaudry, Sankar and Hari",03-04-2025,2025,11719,UI/UX Design
Barad-Lal,04-12-2024,2024,16450,App Development
Bajaj Ltd,14-02-2022,2022,20287,SEO
Hegde-Golla,20-08-2022,2022,4612,UI/UX Design
"Rajagopalan, Shroff and Sarraf",12-04-2022,2022,16905,Social Media Marketing
Char Ltd,08-09-2021,2021,16802,Digital Strategy
Yohannan-Thakkar,22-06-2023,2023,11261,Content Writing
Bhatnagar and Sons,16-11-2023,2023,23179,SEO
Kannan-Kanda,26-12-2021,2021,7083,UI/UX Design
Bains-Saraf,19-08-2025,2025,2112,Social Media Marketing
Raman LLC,26-03-2023,2023,14474,Web Development
"Rege, Ravel and Thakur",29-08-2021,2021,14930,Social Media Marketing
Goyal-Ahuja,23-07-2025,2025,22535,Content Writing
Sastry-Ray,10-10-2024,2024,2350,Web Development
"Chahal, Tata and Salvi",04-05-2021,2021,7200,UI/UX Design
"Ganguly, Thakur and Krishna",04-07-2025,2025,11110,E-commerce Consulting
Basu-Cheema,19-08-2023,2023,15451,E-commerce Consulting
Korpal and Sons,19-01-2025,2025,14974,Social Media Marketing
Hegde-Golla,18-04-2025,2025,10889,UI/UX Design
"Tata, Kuruvilla and Sha",17-12-2025,2025,19589,Digital Strategy
Bhalla-Hegde,06-10-2022,2022,4587,Digital Strategy
Karan Ltd,22-06-2022,2022,4310,Email Marketing
"Saini, Ahuja and Khalsa",21-03-2022,2022,20458,SEO
Vig-Acharya,20-01-2021,2021,24339,Digital Strategy
Babu Group,26-07-2024,2024,9453,Email Marketing
Bala-Kumar,08-01-2023,2023,23252,SEO
Virk-Kota,31-10-2024,2024,14060,UI/UX Design
Basu-Cheema,28-11-2025,2025,21792,UI/UX Design
"Datta, Bala and Shenoy",15-04-2022,2022,6141,Email Marketing
Chandra LLC,15-04-2024,2024,8515,Graphic Design
Kar-Krish,09-09-2022,2022,19957,SEO
Kale-Dewan,05-04-2022,2022,3362,Web Development
Khalsa Ltd,19-10-2022,2022,8110,UI/UX Design
Sharaf LLC,21-10-2025,2025,21017,Social Media Marketing
Krishnamurthy-Gala,05-10-2022,2022,13688,Web Development
Yohannan-Thakkar,28-06-2023,2023,18504,Content Writing
Rajagopal-Koshy,24-07-2025,2025,11053,Digital Strategy
"Soni, Biswas and Sur",21-07-2021,2021,18926,Content Writing
"Dube, Mannan and Lal",19-01-2023,2023,6518,E-commerce Consulting
"Soni, Biswas and Sur",21-03-2021,2021,17466,UI/UX Design
"Bera, Khatri and Lalla",08-12-2023,2023,19879,App Development
Kannan-Kanda,01-07-2024,2024,17174,Content Writing
"Ganguly, Thakur and Krishna",10-04-2024,2024,17886,App Development
Barad-Lal,02-07-2022,2022,5639,E-commerce Consulting
Raman LLC,03-03-2023,2023,20121,SEO
Lata-Dubey,06-09-2025,2025,11865,Web Development
Deol PLC,17-10-2024,2024,2392,Social Media Marketing
"Cheema, Gola and Kurian",20-12-2025,2025,14162,Graphic Design
Toor-Raman,21-02-2021,2021,10140,Web Development
"Bera, Khatri and Lalla",20-03-2022,2022,11622,Digital Strategy
"Bera, Khatri and Lalla",05-12-2025,2025,21160,Social Media Marketing
Babu Group,20-06-2023,2023,6500,Graphic Design
Bajaj Ltd,30-10-2023,2023,24825,Social Media Marketing
Boase-Kalla,08-02-2024,2024,16775,Email Marketing
Wason LLC,09-02-2021,2021,14195,App Development
Datta-Joshi,27-10-2025,2025,19837,Web Development
"Warrior, Behl and Baral",13-06-2024,2024,17843,SEO
Bala-Kumar,28-09-2022,2022,18667,Content Writing
"Soni, Biswas and Sur",04-06-2023,2023,22180,Social Media Marketing
Gupta Inc,01-11-2025,2025,21677,Digital Strategy
Savant and Sons,31-08-2023,2023,16375,Email Marketing
"Tata, Kuruvilla and Sha",02-01-2025,2025,21116,Content Writing
Kar-Krish,06-11-2025,2025,24669,UI/UX Design
Kaul PLC,08-03-2025,2025,10245,Content Writing
"Viswanathan, Kashyap and Rajagopalan",10-06-2023,2023,11097,App Development
Boase-Kalla,22-04-2021,2021,12416,UI/UX Design
"Tiwari, Ganesh and Badal",03-05-2025,2025,20936,Content Writing
Kaul PLC,17-08-2024,2024,21357,Content Writing
Savant and Sons,21-05-2023,2023,8303,Social Media Marketing
"Chahal, Tata and Salvi",27-02-2022,2022,22500,Social Media Marketing
"Tata, Kuruvilla and Sha",08-12-2025,2025,4456,Email Marketing
Khalsa Ltd,10-08-2022,2022,9918,Graphic Design
Hegde-Golla,25-11-2022,2022,23558,Email Marketing
Savant and Sons,14-03-2023,2023,21804,Social Media Marketing
Basu-Dhaliwal,01-07-2024,2024,7331,Graphic Design
Sami PLC,11-02-2025,2025,19231,Digital Strategy
"Dugar, Kari and Sarma",25-12-2022,2022,11755,Graphic Design
"Bir, Chaudhary and Kohli",12-05-2021,2021,7477,Graphic Design
"Rajagopalan, Shroff and Sarraf",17-08-2022,2022,13324,Digital Strategy
"Chandra, Chopra and Bahri",02-06-2024,2024,15780,UI/UX Design
Kaul PLC,03-07-2021,2021,12610,UI/UX Design
Goyal-Ahuja,27-04-2024,2024,5660,Graphic Design
Sachar Ltd,13-05-2025,2025,20386,UI/UX Design
"Issac, Jani and Thakkar",26-02-2025,2025,16056,Content Writing
Das-Gade,24-11-2025,2025,8577,Digital Strategy
Dhawan LLC,14-05-2024,2024,20373,Digital Strategy
Khalsa Ltd,25-12-2022,2022,22362,Email Marketing
Sastry-Ray,30-12-2024,2024,6411,Graphic Design
Toor-Raman,12-01-2022,2022,8892,Email Marketing
Sachar Ltd,29-07-2022,2022,10284,App Development
Khalsa Ltd,14-05-2022,2022,11396,App Development
"Dube, Mannan and Lal",12-09-2022,2022,11830,Email Marketing
Bhatnagar and Sons,14-11-2025,2025,18174,Email Marketing
Din PLC,12-06-2023,2023,19888,Digital Strategy
"Saini, Ahuja and Khalsa",21-08-2022,2022,12784,E-commerce Consulting
"Sankar, Lalla and Bhalla",20-09-2023,2023,11259,Web Development
"Issac, Jani and Thakkar",14-03-2025,2025,6100,Digital Strategy
"Datta, Bala and Shenoy",23-02-2025,2025,20104,E-commerce Consulting
Bhalla-Hegde,02-07-2022,2022,16180,Graphic Design
"Bhargava, Manne and Arya",03-01-2022,2022,3228,Digital Strategy
Kamdar-Comar,16-10-2024,2024,8461,Content Writing
Boase-Kalla,24-10-2022,2022,9164,Email Marketing
Mannan-Buch,04-07-2023,2023,10694,Content Writing
Bains-Saraf,08-02-2025,2025,14334,E-commerce Consulting
Korpal and Sons,23-05-2021,2021,18718,UI/UX Design
Kale-Dewan,15-12-2023,2023,23580,UI/UX Design
Deol PLC,28-11-2024,2024,18583,Digital Strategy
Dhawan LLC,05-11-2024,2024,11181,Graphic Design
"Cheema, Gola and Kurian",23-02-2023,2023,9508,Graphic Design
Barad-Lal,06-05-2021,2021,9501,Web Development
Chaudhary Group,15-04-2025,2025,22728,Social Media Marketing
Sethi LLC,24-06-2025,2025,23987,App Development
"Doshi, Gola and Doctor",17-01-2022,2022,6978,SEO
Mannan-Buch,16-11-2022,2022,19892,Graphic Design
Char Inc,01-12-2022,2022,21572,E-commerce Consulting
Basu-Cheema,17-05-2021,2021,21453,Social Media Marketing
Wason LLC,11-04-2025,2025,19925,Email Marketing
"Dugar, Kari and Sarma",03-12-2023,2023,8667,Social Media Marketing
Sethi LLC,27-03-2024,2024,17751,Graphic Design
Chandra LLC,19-11-2021,2021,8496,Social Media Marketing
"Chahal, Tata and Salvi",19-12-2021,2021,14417,E-commerce Consulting
Bajaj Ltd,25-08-2022,2022,22400,Graphic Design
"Ganguly, Thakur and Krishna",01-06-2025,2025,4612,SEO
"Viswanathan, Kashyap and Rajagopalan",08-02-2022,2022,14068,Graphic Design
Babu Group,29-09-2025,2025,20185,Content Writing
Din PLC,27-10-2023,2023,23518,Email Marketing
"Toor, Rattan and Samra",28-06-2023,2023,13414,UI/UX Design
Sachar Ltd,03-07-2022,2022,4049,Email Marketing
Basu-Cheema,23-04-2022,2022,18333,Social Media Marketing
Guha Group,02-09-2021,2021,8657,Graphic Design
Bala-Kumar,18-04-2024,2024,11324,Digital Strategy
Deol PLC,19-05-2025,2025,20023,E-commerce Consulting
"Chahal, Tata and Salvi",26-02-2021,2021,2519,E-commerce Consulting
"Datta, Bala and Shenoy",10-05-2024,2024,21793,Email Marketing
Golla-Rout,03-05-2021,2021,4948,Content Writing
Basu-Cheema,20-06-2022,2022,3990,Email Marketing
"Warrior, Behl and Baral",18-12-2024,2024,18672,Digital Strategy
"Dube, Mannan and Lal",20-01-2023,2023,14044,Content Writing
Gupta Inc,28-01-2025,2025,24829,Social Media Marketing
Kannan-Kanda,11-07-2023,2023,10902,Graphic Design
Khalsa Ltd,31-08-2025,2025,18111,Social Media Marketing
"Soni, Biswas and Sur",09-05-2022,2022,8172,Graphic Design
Barad-Lal,19-08-2022,2022,8810,UI/UX Design
Barad-Lal,27-09-2025,2025,23475,UI/UX Design
Kar-Krish,28-10-2021,2021,17829,Email Marketing
"Bera, Khatri and Lalla",09-06-2021,2021,5008,Web Development
Deol PLC,09-03-2023,2023,11583,App Development
Sharaf LLC,30-11-2024,2024,12992,UI/UX Design
"Warrior, Behl and Baral",10-07-2024,2024,18526,Web Development
Boase-Kalla,28-02-2024,2024,20153,Content Writing
"Doshi, Gola and Doctor",24-07-2025,2025,5945,SEO
Gupta Inc,17-10-2022,2022,24431,Digital Strategy
"Toor, Rattan and Samra",14-11-2024,2024,19849,Content Writing
Chaudhary Group,26-11-2022,2022,16822,Digital Strategy
"Bir, Chaudhary and Kohli",14-09-2021,2021,24426,App Development
Rajagopal-Koshy,02-12-2024,2024,20049,Social Media Marketing
Basu-Cheema,24-03-2021,2021,20937,UI/UX Design
Sethi LLC,22-11-2025,2025,21296,Email Marketing
Dhar and Sons,26-04-2025,2025,4153,UI/UX Design
Kamdar-Comar,06-01-2024,2024,2466,Digital Strategy
Kannan-Kanda,20-09-2024,2024,4505,SEO
Lata-Dubey,09-06-2022,2022,13245,Email Marketing
Das-Gade,18-03-2024,2024,22145,App Development
Krishnamurthy-Gala,12-08-2021,2021,23735,Email Marketing
Wason and Sons,18-03-2024,2024,8727,E-commerce Consulting
Sharaf LLC,29-01-2022,2022,3430,App Development
Kar-Krish,31-10-2022,2022,18567,Graphic Design
Bajaj Ltd,26-04-2024,2024,3285,App Development
Wason LLC,30-01-2025,2025,6908,Content Writing
"Bir, Chaudhary and Kohli",15-11-2021,2021,9089,SEO
Barad-Lal,25-02-2021,2021,13937,Web Development
"Rege, Ravel and Thakur",06-05-2022,2022,11600,SEO
Goyal-Ahuja,16-05-2023,2023,20847,Web Development
Raman LLC,28-03-2023,2023,20296,SEO
Kamdar-Comar,26-01-2022,2022,5180,Email Marketing
Golla-Rout,13-08-2022,2022,12802,Graphic Design
"Vyas, Anne and Hegde",23-03-2021,2021,10559,Graphic Design
Kar-Krish,07-03-2024,2024,16940,Email Marketing
Sharaf LLC,01-12-2024,2024,16504,Graphic Design
Bala-Kumar,29-10-2024,2024,3180,Content Writing
"Kade, Barman and Trivedi",28-04-2025,2025,22554,SEO
Barad-Lal,03-06-2023,2023,12981,App Development
Dey-Jain,08-03-2023,2023,18946,Graphic Design
"Toor, Rattan and Samra",10-08-2024,2024,3389,SEO
Kannan-Kanda,29-10-2025,2025,24824,Digital Strategy
"Tiwari, Ganesh and Badal",28-12-2024,2024,16313,Social Media Marketing
Kar-Krish,28-05-2021,2021,18991,SEO
"Soni, Biswas and Sur",18-07-2025,2025,20259,Social Media Marketing
"Tata, Kuruvilla and Sha",04-10-2024,2024,21249,Graphic Design
"Saini, Ahuja and Khalsa",25-01-2022,2022,12019,SEO
"Kohli, Gill and Sharma",12-08-2022,2022,2849,UI/UX Design
"Ganguly, Thakur and Krishna",16-10-2024,2024,21649,SEO
Dey-Jain,10-10-2024,2024,17398,Email Marketing
Yohannan-Thakkar,11-09-2023,2023,16321,Social Media Marketing
Hegde-Golla,04-04-2023,2023,20784,Web Development
Guha Group,02-05-2021,2021,17405,E-commerce Consulting
Golla-Rout,10-10-2023,2023,3275,Web Development
Wason and Sons,04-04-2021,2021,22690,SEO
"Soni, Biswas and Sur",10-05-2025,2025,6029,Graphic Design
Khalsa Ltd,03-11-2023,2023,16220,Digital Strategy
Sastry-Ray,06-12-2022,2022,19321,App Development
Deol PLC,13-01-2025,2025,17440,App Development
Deol PLC,13-06-2024,2024,6492,Graphic Design
Gupta Inc,18-03-2021,2021,10978,SEO
"Doshi, Gola and Doctor",02-02-2024,2024,23354,SEO
Dhar and Sons,12-09-2025,2025,24168,UI/UX Design
Datta-Joshi,04-01-2023,2023,7433,Email Marketing
Wason and Sons,22-09-2025,2025,7035,Web Development
"Tata, Kuruvilla and Sha",13-02-2025,2025,6524,App Development
Guha Group,03-10-2024,2024,17361,Digital Strategy
"Bora, Yadav and Aurora",16-06-2024,2024,13572,UI/UX Design
"Dube, Mannan and Lal",31-01-2022,2022,9909,App Development
"Kade, Barman and Trivedi",04-01-2022,2022,16661,App Development
Bhatnagar and Sons,10-07-2024,2024,13568,App Development
Datta-Joshi,14-03-2024,2024,5916,Graphic Design
Barad-Lal,22-03-2024,2024,6831,App Development
"Rajagopalan, Shroff and Sarraf",06-05-2024,2024,10462,Digital Strategy
Korpal and Sons,07-10-2022,2022,5822,SEO
"Saini, Ahuja and Khalsa",13-04-2025,2025,4210,Graphic Design
Krishnamurthy-Gala,28-05-2022,2022,20041,SEO
Chandra LLC,02-01-2022,2022,18039,UI/UX Design
"Chaudry, Sankar and Hari",30-03-2021,2021,18275,SEO
Sethi LLC,29-12-2021,2021,13525,Graphic Design
Din PLC,04-04-2022,2022,21146,UI/UX Design
Sastry-Ray,25-03-2022,2022,17266,E-commerce Consulting
Shenoy-Kanda,12-10-2021,2021,21281,App Development
"Bir, Chaudhary and Kohli",08-10-2022,2022,23211,Digital Strategy
Hegde-Golla,12-04-2025,2025,19248,Social Media Marketing
Yohannan-Thakkar,10-04-2024,2024,4686,Graphic Design
"Ganguly, Thakur and Krishna",03-08-2022,2022,13122,Digital Strategy
"Bora, Yadav and Aurora",02-11-2023,2023,13414,Digital Strategy
"Bir, Chaudhary and Kohli",19-08-2025,2025,9431,Email Marketing
Krishnamurthy-Gala,28-08-2025,2025,12160,App Development
Raman LLC,02-10-2024,2024,23591,Social Media Marketing
Karan Ltd,09-03-2025,2025,5948,App Development
"Tiwari, Ganesh and Badal",11-07-2025,2025,8991,App Development
Hegde-Golla,04-06-2025,2025,3719,Social Media Marketing
Raman LLC,05-11-2023,2023,21538,Email Marketing
"Chahal, Tata and Salvi",17-07-2024,2024,24596,Email Marketing
Kannan-Kanda,09-05-2023,2023,6070,Graphic Design
Rajagopal-Koshy,12-04-2021,2021,24405,Email Marketing
"Rege, Ravel and Thakur",20-12-2024,2024,5623,Social Media Marketing
Karan Ltd,08-01-2024,2024,23052,Social Media Marketing
"Kohli, Gill and Sharma",10-03-2025,2025,22309,Digital Strategy
"Sankar, Lalla and Bhalla",26-12-2021,2021,3196,Social Media Marketing
"Bera, Khatri and Lalla",18-03-2023,2023,7262,Web Development
"Bera, Khatri and Lalla",18-09-2022,2022,14156,Email Marketing
Sastry-Ray,06-02-2024,2024,2075,Content Writing
Virk-Kota,15-06-2021,2021,21904,SEO
Ram Inc,08-12-2025,2025,3204,Social Media Marketing
Datta-Joshi,14-03-2023,2023,7011,Social Media Marketing
"Sankar, Lalla and Bhalla",09-04-2025,2025,5991,Email Marketing
"Kade, Barman and Trivedi",21-06-2024,2024,2493,Graphic Design
Bhalla-Hegde,14-09-2025,2025,20731,E-commerce Consulting
Deol PLC,04-03-2024,2024,16458,Email Marketing
Yohannan-Thakkar,25-01-2022,2022,16689,Graphic Design
"Rege, Ravel and Thakur",01-01-2023,2023,24021,Social Media Marketing
Hegde-Golla,23-07-2022,2022,18174,App Development
"Issac, Jani and Thakkar",07-01-2022,2022,15313,Email Marketing
Sachar Ltd,07-05-2023,2023,4956,SEO
Toor-Raman,27-01-2021,2021,13370,Social Media Marketing
Mannan-Buch,18-12-2022,2022,23148,Social Media Marketing
Chandra LLC,22-12-2022,2022,6384,Web Development
Sastry-Ray,05-04-2025,2025,13587,UI/UX Design
"Soni, Biswas and Sur",28-08-2024,2024,17553,Graphic Design
Hegde-Golla,14-03-2023,2023,13424,App Development
Krishnamurthy-Gala,09-02-2022,2022,20224,SEO
Chaudhary Group,15-08-2022,2022,21006,Digital Strategy
Chandra LLC,18-01-2024,2024,18357,UI/UX Design
Das-Gade,03-09-2023,2023,14867,Email Marketing
Wason and Sons,23-05-2022,2022,2692,App Development
"Rajagopalan, Shroff and Sarraf",07-04-2025,2025,4148,Email Marketing
"Kade, Barman and Trivedi",17-10-2025,2025,7423,Digital Strategy
"Dube, Mannan and Lal",20-06-2021,2021,4931,Email Marketing
Deol PLC,05-04-2023,2023,23974,App Development
Goyal-Ahuja,13-03-2021,2021,14776,Graphic Design
"Vyas, Anne and Hegde",17-12-2024,2024,2327,Email Marketing
"Chahal, Tata and Salvi",06-09-2022,2022,23420,Digital Strategy
"Datta, Bala and Shenoy",09-02-2023,2023,23836,E-commerce Consulting
"Chandra, Chopra and Bahri",02-10-2024,2024,8924,SEO
"Warrior, Behl and Baral",11-03-2025,2025,5538,Digital Strategy
Mannan-Buch,15-05-2024,2024,16460,Digital Strategy
Basu-Dhaliwal,22-01-2025,2025,16361,Web Development
Korpal and Sons,25-05-2025,2025,14674,App Development
Karan Ltd,22-10-2024,2024,18580,Graphic Design
Barad-Lal,30-01-2021,2021,11089,E-commerce Consulting
Basu-Cheema,01-09-2022,2022,21165,UI/UX Design
"Bir, Chaudhary and Kohli",20-11-2022,2022,24169,Digital Strategy
"Bhargava, Manne and Arya",24-06-2023,2023,9805,Content Writing
Babu Group,15-06-2024,2024,23747,Web Development
Dhawan LLC,29-08-2021,2021,12103,Social Media Marketing
Krishnamurthy-Gala,17-11-2022,2022,10707,UI/UX Design
"Rege, Ravel and Thakur",25-02-2022,2022,9595,Content Writing
Sachar Ltd,24-06-2022,2022,14164,Social Media Marketing
"Tata, Kuruvilla and Sha",01-11-2022,2022,17950,Email Marketing
Savant and Sons,20-11-2024,2024,16598,E-commerce Consulting
"Chaudry, Sankar and Hari",17-06-2025,2025,9941,UI/UX Design
Karan Ltd,10-08-2023,2023,4431,Content Writing
"Tiwari, Ganesh and Badal",10-03-2021,2021,13780,Content Writing
Bala-Kumar,29-03-2021,2021,5681,Digital Strategy
"Chahal, Tata and Salvi",05-06-2025,2025,10906,SEO
Wason LLC,25-03-2025,2025,15808,Social Media Marketing
Toor-Raman,15-08-2022,2022,9662,Content Writing
"Sankar, Lalla and Bhalla",16-07-2023,2023,8062,E-commerce Consulting
"Soni, Biswas and Sur",08-07-2021,2021,7405,Social Media Marketing
Bala-Kumar,18-12-2022,2022,6432,E-commerce Consulting
Karan Ltd,25-04-2024,2024,21001,Graphic Design
Guha Group,18-10-2025,2025,6061,SEO
"Dugar, Kari and Sarma",11-10-2021,2021,21156,UI/UX Design
"Kohli, Gill and Sharma",27-07-2024,2024,4537,Graphic Design
Toor-Raman,20-03-2021,2021,17756,Email Marketing
